InvoiceNo,StockCode,Description,Quantity,InvoiceDate,UnitPrice,customer_id,Country,Category
536366,CL31454,Jacket Clothing,39,2023-09-12 14:31:01,63.9,12396.0,France,Clothing
536366,EL85228,Speaker Electronics,4,2025-03-22 08:31:35,35.85,12417.0,Spain,Electronics
536366,BO71516,Manual Books,4,2024-03-21 06:30:37,67.56,12388.0,Germany,Books
536366,SP51195,Towel Sports,33,2024-08-10 02:12:58,95.23,12351.0,Spain,Sports
536367,SP50955,Weights Sports,48,2023-10-05 02:09:26,95.88,12397.0,USA,Sports
536367,EL95619,Laptop Electronics,2,2024-07-20 00:37:06,64.8,12372.0,Canada,Electronics
536368,HO95916,Mug Home,36,2025-05-21 16:33:50,9.97,12367.0,Germany,Home
536368,EL16651,Speaker Electronics,10,2024-04-22 18:49:13,86.57,12421.0,Canada,Electronics
536368,EL31666,Speaker Electronics,2,2023-11-23 06:22:11,9.52,12445.0,Italy,Electronics
536368,BO87848,Cookbook Books,27,2023-12-05 22:05:58,9.02,12438.0,France,Books
536369,HO27190,Lamp Home,9,2024-12-06 02:52:53,59.54,12367.0,Australia,Home
536369,EL27625,Smartphone Electronics,44,2025-08-01 11:17:34,28.84,12375.0,Canada,Electronics
536369,SP95786,Weights Sports,3,2024-05-31 03:09:20,28.62,12372.0,France,Sports
536369,SP47855,Towel Sports,4,2025-01-31 08:36:54,93.76,12358.0,France,Sports
536370,SP47445,Mat Sports,5,2024-07-15 20:09:05,81.76,12430.0,Netherlands,Sports
536370,BO39039,Dictionary Books,3,2025-07-24 23:02:02,49.19,12386.0,Netherlands,Books
536371,BO67634,Manual Books,45,2023-10-25 17:41:08,49.16,12412.0,Italy,Books
536371,BO74936,Dictionary Books,19,2024-03-19 10:36:34,87.88,12396.0,France,Books
536372,BO31723,Novel Books,3,2024-04-30 15:01:05,15.44,12383.0,Netherlands,Books
536372,EL54734,Laptop Electronics,46,2025-05-06 06:16:13,64.26,12395.0,UK,Electronics
536373,BO90766,Novel Books,18,2023-12-20 06:04:35,8.17,12369.0,UK,Books
536373,CL36550,Jacket Clothing,12,2025-02-04 21:54:18,90.56,12399.0,Italy,Clothing
536374,SP20701,Towel Sports,37,2024-04-24 02:58:42,73.67,12380.0,France,Sports
536374,CL84893,Jeans Clothing,11,2023-11-20 00:48:25,50.18,12431.0,Germany,Clothing
536375,EL23643,Headphones Electronics,4,2025-01-20 22:11:40,5.12,12408.0,Canada,Electronics
536376,SP36278,Racket Sports,25,2025-05-14 13:40:41,98.31,12389.0,Canada,Sports
536376,BO14200,Dictionary Books,25,2024-02-01 10:21:57,58.6,12402.0,Germany,Books
536376,BO48686,Cookbook Books,35,2025-01-14 12:22:41,99.41,12375.0,USA,Books
536376,SP77509,Bottle Sports,9,2023-11-20 06:03:29,52.57,12421.0,UK,Sports
536376,SP49001,Weights Sports,39,2024-12-11 03:07:20,88.16,12378.0,Canada,Sports
536377,SP32035,Bottle Sports,48,2024-09-22 10:59:52,93.47,12399.0,Australia,Sports
536377,EL38996,Headphones Electronics,40,2024-11-07 10:16:33,99.19,12374.0,USA,Electronics
536378,BO37522,Novel Books,14,2023-09-23 20:00:53,62.28,12389.0,UK,Books
536379,BO57581,Manual Books,-23,2023-09-23 16:39:55,65.04,12427.0,Australia,Books
536379,BO46985,Biography Books,46,2023-08-15 17:03:28,63.54,12369.0,UK,Books
536380,EL65328,Tablet Electronics,19,2025-01-21 15:20:02,81.29,12442.0,UK,Electronics
536381,HO80822,Cushion Home,13,2024-10-11 20:11:06,41.21,12436.0,Italy,Home
536381,BO76038,Novel Books,31,2024-09-03 01:13:16,81.9,12425.0,UK,Books
536381,BO41478,Cookbook Books,27,2024-12-13 00:46:52,13.75,12377.0,USA,Books
536381,CL69020,Hat Clothing,35,2024-12-25 06:45:44,70.58,,Spain,Clothing
536381,BO76809,Novel Books,8,2025-03-05 18:11:55,87.41,12356.0,USA,Books
536381,BO82838,Cookbook Books,50,2024-09-04 09:16:16,65.36,12408.0,Australia,Books
536382,EL49604,Tablet Electronics,41,2023-12-03 13:54:25,96.53,12408.0,France,Electronics
536382,SP70266,Bottle Sports,43,2024-04-09 21:38:15,98.18,12401.0,France,Sports
536382,EL53687,Speaker Electronics,20,2025-07-16 17:58:45,37.0,12392.0,France,Electronics
536383,EL59996,Laptop Electronics,30,2025-06-30 19:13:33,71.37,12425.0,Australia,Electronics
536383,CL61799,T-Shirt Clothing,38,2025-07-27 06:08:41,1.71,12379.0,France,Clothing
536383,BO69295,Manual Books,28,2025-01-03 23:15:57,47.03,12432.0,Australia,Books
536384,BO84045,Novel Books,24,2024-01-04 04:41:49,10.22,12349.0,UK,Books
536384,EL13477,Smartphone Electronics,39,2023-08-15 20:39:41,13.17,12418.0,Netherlands,Electronics
536385,SP46176,Bottle Sports,17,2025-02-06 07:15:28,93.25,12428.0,UK,Sports
536386,CL51760,Hat Clothing,12,2024-03-05 23:11:54,68.35,12418.0,Italy,Clothing
536387,BO54146,Dictionary Books,20,2024-09-03 22:43:48,97.34,,USA,Books
536387,CL55289,Jeans Clothing,5,2024-01-04 13:29:09,64.87,12385.0,Canada,Clothing
536388,CL44735,Jeans Clothing,34,2024-10-06 02:54:28,93.74,12438.0,Australia,Clothing
536388,SP27589,Weights Sports,2,2025-03-11 00:12:18,32.42,12411.0,France,Sports
536389,HO33648,Plate Home,3,2024-01-18 04:48:12,88.22,,Spain,Home
536389,BO28386,Manual Books,46,2025-03-13 09:38:30,32.06,12366.0,Italy,Books
536389,EL16272,Charger Electronics,25,2024-02-02 08:54:42,61.86,12383.0,Germany,Electronics
536389,HO19832,Chair Home,18,2025-08-07 11:52:47,0.0,12443.0,Spain,Home
536390,BO69401,Biography Books,16,2023-12-15 03:01:43,26.21,12402.0,Canada,Books
536390,BO55772,Cookbook Books,45,2025-06-15 07:06:41,83.55,12400.0,Spain,Books
536391,HO52817,Plate Home,8,2023-11-26 02:02:18,51.98,12438.0,Australia,Home
536391,EL22880,Charger Electronics,28,2023-11-08 14:43:45,77.29,12411.0,France,Electronics
536391,SP66341,Ball Sports,4,2025-01-05 05:13:33,88.73,12410.0,Spain,Sports
536391,EL23711,Tablet Electronics,23,2025-03-31 07:04:10,64.5,12426.0,Australia,Electronics
536392,CL41947,Hat Clothing,11,2024-10-27 05:33:09,17.99,12426.0,Netherlands,Clothing
536392,EL66504,Laptop Electronics,2,2024-08-14 18:25:14,71.65,12394.0,UK,Electronics
536393,SP64785,Towel Sports,12,2024-09-24 22:54:35,67.27,12348.0,Spain,Sports
536393,HO40928,Table Home,49,2024-08-13 07:12:36,81.53,12366.0,USA,Home
536394,HO26385,Lamp Home,23,2025-04-01 05:37:04,23.68,12403.0,USA,Home
536395,SP80111,Towel Sports,50,2024-01-02 23:28:06,95.66,12355.0,Australia,Sports
536396,CL71844,Jeans Clothing,49,2024-09-16 17:13:44,36.29,12350.0,Germany,Clothing
536396,CL57919,Dress Clothing,17,2025-05-10 16:00:03,58.68,12346.0,USA,Clothing
536396,SP49894,Ball Sports,43,2024-06-14 10:14:28,15.49,12423.0,UK,Sports
536397,CL25909,T-Shirt Clothing,3,2023-10-06 09:36:35,72.64,12412.0,Australia,Clothing
536397,CL92697,Dress Clothing,50,2024-03-14 15:10:53,60.0,12370.0,UK,Clothing
536397,HO40105,Plate Home,30,2023-10-28 19:59:30,0.0,12415.0,Spain,Home
536397,BO82303,Biography Books,36,2024-03-22 16:50:10,54.23,12392.0,Germany,Books
536397,HO54788,Table Home,5,2025-04-12 15:44:57,32.92,12382.0,USA,Home
536398,EL12201,Speaker Electronics,33,2024-09-05 02:29:59,37.14,12440.0,USA,Electronics
536398,HO59437,Cushion Home,14,2024-02-08 06:40:16,25.93,12444.0,Netherlands,Home
536398,CL32979,Shoes Clothing,21,2024-08-14 09:45:22,79.55,12419.0,Canada,Clothing
536398,EL62148,Smartphone Electronics,24,2025-05-14 13:57:01,1.94,12397.0,UK,Electronics
536399,HO98447,Plate Home,7,2025-03-08 21:34:45,55.35,12443.0,Spain,Home
536399,BO73914,Novel Books,30,2025-07-15 07:16:39,10.41,12393.0,Germany,Books
536400,HO73167,Plate Home,34,2024-10-24 22:00:21,45.19,12419.0,Canada,Home
536401,EL88192,Laptop Electronics,3,2024-05-25 10:47:20,93.54,12436.0,Spain,Electronics
536402,BO55931,Cookbook Books,36,2025-06-10 18:41:33,21.77,12413.0,Australia,Books
536402,SP11545,Bottle Sports,49,2025-08-04 18:37:38,55.55,12433.0,USA,Sports
536403,CL16239,Shoes Clothing,50,2025-03-03 07:57:01,41.67,,Germany,Clothing
536403,HO17465,Mug Home,36,2023-10-21 22:55:55,29.38,12443.0,Spain,Home
536404,BO29354,Magazine Books,46,2025-07-09 21:47:11,9.98,12373.0,USA,Books
536405,HO86251,Lamp Home,11,2025-06-16 14:32:54,65.67,12400.0,Netherlands,Home
536406,EL48858,Tablet Electronics,5,2023-12-06 03:34:45,77.44,12410.0,Australia,Electronics
536406,BO82310,Novel Books,6,2025-06-04 15:39:35,51.46,12365.0,UK,Books
536407,BO78134,Novel Books,2,2024-07-22 22:40:30,8.6,12405.0,Netherlands,Books
536407,HO20874,Lamp Home,30,2025-06-30 05:35:48,9.78,12405.0,Germany,Home
536408,EL66739,Tablet Electronics,8,2023-09-09 16:44:09,45.61,12377.0,Italy,Electronics
536409,BO29672,Manual Books,8,2024-05-08 11:13:52,41.5,,USA,Books
536410,CL32993,Jeans Clothing,14,2023-09-21 23:53:58,78.48,12359.0,Germany,Clothing
536411,HO82693,Lamp Home,6,2025-01-02 20:08:03,20.5,12417.0,Italy,Home
536411,CL67160,Jeans Clothing,4,2024-01-04 12:06:11,96.02,12363.0,Germany,Clothing
536411,HO79492,Mug Home,37,2024-06-08 03:29:09,59.09,12380.0,Spain,Home
536411,SP86136,Weights Sports,44,2025-02-05 11:26:59,51.21,12388.0,Italy,Sports
536411,EL44901,Laptop Electronics,24,2023-08-29 02:33:17,1.2,12357.0,Spain,Electronics
536411,SP93339,Weights Sports,46,2025-01-07 16:41:01,28.14,12403.0,France,Sports
536412,CL69829,Dress Clothing,1,2025-02-07 19:47:56,73.79,12357.0,France,Clothing
536413,SP20513,Weights Sports,26,2025-03-08 10:45:02,30.78,12432.0,Spain,Sports
536413,BO66538,Dictionary Books,36,2023-09-23 02:48:27,55.3,12347.0,Canada,Books
536414,SP41371,Ball Sports,4,2025-03-25 05:01:43,83.94,12423.0,Netherlands,Sports
536414,BO12736,Novel Books,36,2024-10-06 22:46:30,75.46,12348.0,Spain,Books
536415,EL21564,Smartphone Electronics,16,2024-08-05 02:20:31,1.24,12435.0,USA,Electronics
536416,CL33046,Dress Clothing,38,2025-01-07 06:40:07,46.88,12406.0,Italy,Clothing
536417,HO37152,Mug Home,45,2025-05-14 02:30:13,14.26,12386.0,UK,Home
536418,BO87504,Manual Books,20,2023-10-08 22:44:46,56.66,12429.0,UK,Books
536419,SP53348,Bottle Sports,10,2023-11-13 10:53:58,58.36,12435.0,Italy,Sports
536419,HO63783,Chair Home,39,2024-06-29 11:06:22,84.18,12431.0,Netherlands,Home
536420,SP31667,Racket Sports,36,2025-01-14 08:53:40,42.48,12396.0,France,Sports
536420,BO18096,Biography Books,25,2024-03-07 07:53:41,28.57,12442.0,Italy,Books
536421,BO53180,Dictionary Books,26,2024-11-04 12:44:40,53.34,12440.0,Germany,Books
536421,EL27583,Tablet Electronics,4,2024-04-19 06:57:38,93.04,12403.0,Spain,Electronics
536422,EL41583,Laptop Electronics,-31,2025-06-10 08:14:05,71.32,12413.0,Canada,Electronics
536423,HO43132,Plate Home,32,2023-10-29 01:20:59,82.48,12445.0,Spain,Home
536424,BO47390,Magazine Books,33,2025-03-16 00:19:44,58.97,12428.0,Spain,Books
536424,CL33936,T-Shirt Clothing,1,2024-12-30 19:49:25,48.51,12365.0,France,Clothing
536425,BO43121,Biography Books,37,2024-07-02 21:08:00,31.43,12415.0,Canada,Books
536425,EL70711,Headphones Electronics,6,2023-12-20 09:17:17,60.75,12353.0,USA,Electronics
536426,HO80708,Lamp Home,2,2024-02-29 20:39:43,44.46,12370.0,Italy,Home
536426,CL21359,T-Shirt Clothing,47,2024-12-19 09:14:41,3.06,12402.0,USA,Clothing
536426,HO71101,Mug Home,9,2025-01-29 20:51:22,74.72,12444.0,Germany,Home
536426,CL83411,Shoes Clothing,4,2024-07-30 04:42:47,77.31,,USA,Clothing
536427,SP38050,Bottle Sports,37,2025-08-05 07:39:47,91.83,12399.0,Canada,Sports
536427,SP24649,Bottle Sports,33,2024-08-27 01:39:21,17.77,12385.0,Italy,Sports
536428,EL59243,Charger Electronics,18,2025-03-12 09:45:22,14.35,12386.0,Spain,Electronics
536428,EL73728,Charger Electronics,35,2024-10-28 17:49:03,72.72,12377.0,Netherlands,Electronics
536428,HO20398,Lamp Home,16,2024-04-16 19:55:50,47.88,12427.0,France,Home
536428,HO26467,Chair Home,5,2025-01-30 16:14:22,97.38,12369.0,Spain,Home
536429,CL79008,Jacket Clothing,32,2025-03-31 19:19:56,10.23,12351.0,Spain,Clothing
536429,CL75540,Dress Clothing,31,2024-02-11 16:27:50,50.49,,UK,Clothing
536430,SP43438,Mat Sports,6,2024-10-12 20:37:22,83.79,12426.0,France,Sports
536430,EL89391,Smartphone Electronics,40,2025-01-27 22:23:06,66.97,12401.0,Netherlands,Electronics
536430,SP72086,Mat Sports,47,2025-04-06 06:06:09,70.23,12387.0,Germany,Sports
536431,HO26268,Plate Home,9,2023-12-15 00:53:09,68.07,12431.0,Netherlands,Home
536432,HO42927,Lamp Home,10,2025-05-05 12:00:07,55.97,12371.0,France,Home
536432,CL97213,Jacket Clothing,47,2025-04-18 08:41:09,17.77,12387.0,USA,Clothing
536432,EL92874,Speaker Electronics,36,2024-12-04 19:32:08,62.86,12385.0,Italy,Electronics
536432,EL98219,Charger Electronics,30,2024-01-22 15:44:34,47.22,12355.0,Australia,Electronics
536433,SP13896,Mat Sports,38,2024-06-08 00:12:30,13.51,12399.0,Spain,Sports
536433,HO37810,Table Home,46,2024-09-30 19:42:14,13.16,12402.0,Italy,Home
536434,SP28517,Racket Sports,35,2023-09-30 04:23:27,92.89,12407.0,Australia,Sports
536434,EL26202,Laptop Electronics,6,2024-02-10 12:54:17,77.98,12358.0,UK,Electronics
536434,HO27002,Mug Home,14,2024-12-23 15:37:36,41.22,,Italy,Home
536435,BO93473,Biography Books,3,2025-05-31 08:13:49,3.42,12413.0,Canada,Books
536436,EL71516,Speaker Electronics,12,2025-05-19 12:45:17,31.65,12403.0,Spain,Electronics
536436,BO21365,Manual Books,25,2024-08-19 10:58:52,12.82,12378.0,France,Books
536437,CL82885,Dress Clothing,16,2024-01-16 03:45:52,73.63,12438.0,UK,Clothing
536437,SP37607,Racket Sports,47,2025-04-29 06:47:31,66.97,12380.0,Netherlands,Sports
536437,HO67984,Chair Home,42,2024-02-16 03:57:51,33.99,12428.0,Australia,Home
536437,EL31725,Charger Electronics,8,2025-03-17 01:25:05,62.36,12351.0,Canada,Electronics
536438,EL96218,Charger Electronics,11,2023-08-16 20:31:21,36.92,12354.0,USA,Electronics
536438,HO82618,Plate Home,1,2024-09-28 11:08:18,45.59,12387.0,UK,Home
536438,HO72991,Mug Home,44,2025-02-09 08:45:09,0.0,12375.0,Spain,Home
536438,BO10787,Dictionary Books,50,2024-02-27 09:13:24,28.84,12357.0,Australia,Books
536439,BO82063,Novel Books,33,2025-04-06 22:49:05,66.47,12359.0,USA,Books
536439,CL52365,Shoes Clothing,38,2025-07-24 11:22:44,38.59,12383.0,USA,Clothing
536440,BO24092,Biography Books,4,2025-01-02 16:33:11,88.73,12445.0,Australia,Books
536440,BO77036,Biography Books,15,2025-01-31 10:03:45,93.34,12440.0,Netherlands,Books
536441,EL52608,Smartphone Electronics,3,2024-12-25 09:13:31,15.34,12357.0,Canada,Electronics
536441,CL50223,T-Shirt Clothing,20,2024-12-20 19:27:34,58.73,12397.0,Germany,Clothing
536441,EL39556,Laptop Electronics,49,2024-09-13 10:44:51,96.64,12406.0,Italy,Electronics
536441,CL82433,Jacket Clothing,31,2024-11-17 04:56:11,99.33,12413.0,Spain,Clothing
536442,BO92731,Manual Books,40,2024-04-28 18:34:07,53.58,12414.0,France,Books
536442,HO72255,Lamp Home,15,2025-03-12 07:05:50,64.88,12350.0,Australia,Home
536443,HO18426,Chair Home,38,2025-05-26 10:18:30,46.77,12409.0,USA,Home
536443,SP67086,Racket Sports,31,2025-04-02 16:18:34,3.76,12399.0,Netherlands,Sports
536444,HO67576,Cushion Home,1,2024-08-04 02:38:23,97.88,12368.0,France,Home
536445,HO20476,Cushion Home,37,2025-08-09 12:21:40,91.49,12436.0,Australia,Home
536446,BO95828,Biography Books,10,2025-02-10 06:34:34,54.49,12383.0,Netherlands,Books
536446,SP34002,Weights Sports,10,2024-11-27 05:00:32,81.6,12406.0,Germany,Sports
536447,EL83030,Speaker Electronics,48,2024-08-01 18:06:13,98.04,12383.0,Netherlands,Electronics
536447,BO15439,Magazine Books,48,2024-01-04 20:07:08,48.19,,Netherlands,Books
536448,SP35546,Racket Sports,-41,2023-10-22 18:46:49,24.77,12420.0,France,Sports
536448,CL55226,T-Shirt Clothing,12,2024-11-26 10:41:38,68.28,12401.0,Spain,Clothing
536449,HO39624,Chair Home,-5,2025-04-16 19:45:23,81.34,12370.0,Australia,Home
536450,SP87055,Racket Sports,35,2025-01-20 08:20:10,91.17,12389.0,Germany,Sports
536450,EL66230,Headphones Electronics,17,2023-12-01 20:20:21,72.09,12400.0,USA,Electronics
536450,CL81297,Shoes Clothing,34,2025-02-11 13:47:58,24.28,12414.0,France,Clothing
536451,BO36019,Manual Books,26,2025-05-27 16:41:44,14.26,12400.0,Italy,Books
536451,CL23832,Shoes Clothing,45,2024-12-05 13:23:48,11.71,12417.0,Australia,Clothing
536452,HO74690,Plate Home,3,2023-10-17 13:19:49,2.59,12425.0,Italy,Home
536452,CL58621,Dress Clothing,43,2025-04-23 15:43:32,33.96,12349.0,USA,Clothing
536452,CL13144,Jacket Clothing,36,2025-03-01 09:02:52,66.46,12403.0,USA,Clothing
536452,BO46136,Biography Books,5,2025-01-22 12:58:55,68.13,12443.0,France,Books
536452,BO64945,Biography Books,32,2023-08-26 14:12:59,43.44,,USA,Books
536452,SP63042,Bottle Sports,-24,2023-08-27 23:22:13,87.1,12409.0,Germany,Sports
536452,CL97306,Dress Clothing,6,2023-11-01 07:07:22,62.43,12375.0,Italy,Clothing
536452,SP87612,Weights Sports,28,2025-06-29 09:00:16,14.22,12385.0,Canada,Sports
536452,HO95082,Cushion Home,49,2024-10-30 06:03:45,97.51,12406.0,Spain,Home
536452,EL13728,Speaker Electronics,12,2024-12-16 17:10:30,55.01,12384.0,France,Electronics
536452,EL92856,Speaker Electronics,18,2024-03-09 05:53:49,78.45,12430.0,Spain,Electronics
536452,BO76020,Biography Books,32,2025-05-28 03:22:00,54.46,12445.0,Germany,Books
536453,EL51605,Smartphone Electronics,18,2024-12-28 23:57:08,6.3,12366.0,Germany,Electronics
536453,CL11630,T-Shirt Clothing,39,2024-08-20 07:21:22,0.0,12396.0,Netherlands,Clothing
536454,BO61442,Biography Books,41,2024-05-12 03:39:41,22.0,12398.0,Spain,Books
536454,HO86851,Table Home,9,2024-04-17 20:26:52,59.63,,Netherlands,Home
536454,CL71673,Jeans Clothing,6,2025-07-18 09:51:57,6.14,,Netherlands,Clothing
536455,SP35703,Ball Sports,34,2023-12-06 22:00:23,66.45,12365.0,Spain,Sports
536456,HO35509,Chair Home,21,2024-02-23 22:36:41,46.88,12363.0,Canada,Home
536456,CL72495,Hat Clothing,29,2025-02-04 13:15:46,36.71,12376.0,France,Clothing
536457,CL78893,T-Shirt Clothing,24,2023-11-01 11:57:27,95.72,12387.0,Netherlands,Clothing
536457,SP52245,Weights Sports,3,2024-08-15 17:50:16,77.41,12396.0,France,Sports
536458,BO35017,Magazine Books,10,2024-03-15 03:19:50,61.44,12349.0,Netherlands,Books
536458,EL25392,Charger Electronics,43,2023-10-13 22:03:05,24.92,12405.0,USA,Electronics
536458,SP77386,Racket Sports,10,2024-12-31 05:23:30,53.37,12353.0,Germany,Sports
536458,EL66705,Smartphone Electronics,22,2024-01-29 23:57:14,89.53,12380.0,Spain,Electronics
536458,EL60586,Laptop Electronics,38,2025-06-04 04:04:15,75.54,12368.0,Germany,Electronics
536458,EL43701,Tablet Electronics,21,2024-10-28 01:11:32,34.56,12388.0,France,Electronics
536458,HO66132,Table Home,9,2025-06-24 09:34:25,56.93,12438.0,Australia,Home
536458,BO20128,Magazine Books,43,2025-06-25 20:07:32,49.69,12365.0,Italy,Books
536458,EL75296,Smartphone Electronics,10,2024-11-17 04:00:30,91.21,12421.0,Australia,Electronics
536458,EL64049,Charger Electronics,46,2025-02-21 13:38:34,43.47,12367.0,USA,Electronics
536458,BO14608,Dictionary Books,21,2025-06-15 08:53:07,26.72,12361.0,Spain,Books
536458,SP30063,Racket Sports,47,2025-02-13 15:51:26,56.69,,USA,Sports
536459,CL82614,Shoes Clothing,3,2023-12-25 17:18:24,43.59,,Italy,Clothing
536459,HO90356,Chair Home,39,2025-03-29 06:44:58,83.68,12350.0,Italy,Home
536459,BO60149,Cookbook Books,31,2023-12-04 08:38:06,47.45,12387.0,USA,Books
536459,SP30014,Mat Sports,23,2025-06-27 01:29:28,3.74,12407.0,USA,Sports
536460,BO47185,Biography Books,46,2024-04-01 23:51:20,73.62,12380.0,Australia,Books
536460,CL17999,Dress Clothing,9,2025-05-29 03:27:43,23.53,12403.0,Canada,Clothing
536461,BO91820,Manual Books,27,2024-04-28 14:44:30,2.36,12367.0,Spain,Books
536462,CL30647,Hat Clothing,49,2024-02-08 21:28:42,64.88,12365.0,Italy,Clothing
536463,CL63316,Jeans Clothing,8,2025-05-31 22:52:16,80.43,12429.0,Australia,Clothing
536463,CL49587,Jacket Clothing,45,2025-01-12 20:52:32,8.26,12376.0,Germany,Clothing
536463,CL24322,T-Shirt Clothing,31,2023-11-16 01:49:30,59.6,12387.0,France,Clothing
536463,HO39379,Plate Home,39,2025-05-13 13:13:10,76.32,12418.0,Canada,Home
536464,BO96588,Novel Books,26,2025-01-19 13:30:25,10.54,12368.0,Germany,Books
536464,BO74853,Cookbook Books,2,2024-05-16 15:20:54,24.64,12433.0,Spain,Books
536464,SP44545,Racket Sports,46,2024-08-31 19:59:47,66.59,12396.0,Italy,Sports
536464,BO26196,Magazine Books,1,2023-11-26 16:54:05,83.67,12374.0,USA,Books
536465,HO68555,Table Home,47,2025-01-16 13:26:19,46.57,12426.0,USA,Home
536465,HO67318,Plate Home,39,2025-03-18 09:46:00,93.24,12389.0,France,Home
536466,BO21161,Cookbook Books,6,2024-09-23 16:41:19,0.0,12437.0,Italy,Books
536467,BO82384,Manual Books,49,2024-08-15 10:52:27,78.85,12387.0,Canada,Books
536467,HO68150,Cushion Home,33,2024-01-06 23:08:47,80.96,12393.0,USA,Home
536467,EL98682,Laptop Electronics,36,2025-07-23 17:01:32,0.0,12375.0,Australia,Electronics
536468,SP12720,Weights Sports,38,2023-11-14 02:38:30,59.96,12419.0,Canada,Sports
536468,CL73709,Jacket Clothing,13,2025-06-07 17:17:53,82.26,12352.0,Spain,Clothing
536469,CL95852,Jacket Clothing,2,2024-09-22 12:58:34,77.4,12438.0,Germany,Clothing
536469,SP91947,Towel Sports,11,2024-06-12 04:48:23,93.01,12424.0,Canada,Sports
536469,CL51412,Jacket Clothing,19,2024-10-07 05:36:02,30.42,12413.0,Australia,Clothing
536469,CL28308,Jacket Clothing,37,2023-12-23 07:27:09,82.33,12425.0,Australia,Clothing
536470,SP18159,Ball Sports,44,2023-09-12 00:12:43,49.86,12368.0,Italy,Sports
536471,SP32166,Towel Sports,46,2024-10-02 18:09:35,80.97,12416.0,Australia,Sports
536472,BO57557,Dictionary Books,9,2024-06-12 12:32:54,24.75,12375.0,Spain,Books
536472,HO89537,Chair Home,25,2024-04-14 17:04:07,44.61,12350.0,Australia,Home
536473,CL12863,Jeans Clothing,38,2023-11-16 15:40:40,32.12,12364.0,Canada,Clothing
536474,HO54164,Cushion Home,35,2024-02-14 04:43:59,67.61,,Canada,Home
536475,EL36941,Laptop Electronics,16,2024-08-13 04:11:06,68.27,12441.0,Netherlands,Electronics
536475,EL95090,Speaker Electronics,26,2025-02-25 08:41:06,53.41,12441.0,USA,Electronics
536476,EL64072,Tablet Electronics,40,2025-06-11 23:56:58,80.67,12395.0,Germany,Electronics
536476,CL71878,T-Shirt Clothing,28,2025-01-29 17:38:37,21.5,12392.0,Germany,Clothing
536476,SP38745,Towel Sports,3,2025-08-04 04:09:39,45.26,12357.0,Spain,Sports
536476,BO61589,Magazine Books,44,2024-04-19 21:05:33,47.2,12399.0,USA,Books
536477,EL67398,Headphones Electronics,33,2023-10-28 16:39:44,40.87,12438.0,USA,Electronics
536478,CL24296,Hat Clothing,46,2024-11-06 00:50:03,23.81,12381.0,Italy,Clothing
536478,BO93353,Dictionary Books,26,2025-01-22 12:29:48,49.92,12408.0,Italy,Books
536478,HO49546,Cushion Home,11,2023-11-08 13:55:09,24.2,12350.0,France,Home
536479,HO46421,Mug Home,15,2024-08-30 21:07:10,44.25,12403.0,USA,Home
536479,CL14128,T-Shirt Clothing,15,2023-12-22 01:10:57,22.11,12369.0,Spain,Clothing
536480,SP27716,Ball Sports,32,2024-10-26 11:55:33,49.94,12387.0,UK,Sports
536480,CL80388,Hat Clothing,32,2024-03-13 13:42:40,83.55,12376.0,USA,Clothing
536481,BO74160,Magazine Books,49,2025-02-07 17:40:54,23.69,12378.0,Germany,Books
536482,SP25552,Bottle Sports,42,2024-09-02 00:34:36,1.7,12407.0,Canada,Sports
536482,BO32917,Manual Books,23,2024-07-29 23:45:16,38.18,12445.0,Australia,Books
536482,BO27161,Magazine Books,49,2024-09-30 12:22:17,56.21,12393.0,USA,Books
536483,EL33478,Charger Electronics,25,2024-07-13 18:17:58,14.96,12375.0,USA,Electronics
536483,SP21883,Ball Sports,35,2024-03-19 20:53:46,11.34,12427.0,USA,Sports
536483,HO40244,Plate Home,2,2024-02-22 03:53:35,73.62,,Australia,Home
536483,CL76474,Dress Clothing,30,2024-01-25 07:01:12,22.91,,Spain,Clothing
536484,BO13655,Novel Books,5,2023-09-12 05:59:00,38.63,12419.0,Australia,Books
536485,SP43864,Towel Sports,34,2023-12-25 19:56:04,78.14,12384.0,UK,Sports
536486,HO24379,Table Home,22,2025-06-16 17:18:55,65.95,12399.0,Italy,Home
536486,CL46675,Dress Clothing,1,2024-01-05 14:51:52,7.75,12419.0,Australia,Clothing
536487,HO66708,Lamp Home,30,2024-10-16 17:27:31,13.05,,Canada,Home
536487,BO60821,Dictionary Books,36,2024-07-13 04:55:52,49.79,12401.0,UK,Books
536488,EL35233,Headphones Electronics,48,2024-12-06 19:47:58,66.43,12388.0,Italy,Electronics
536488,HO70612,Table Home,22,2025-02-23 22:29:22,62.29,12390.0,Germany,Home
536489,HO27649,Lamp Home,15,2024-01-05 08:05:48,59.85,,USA,Home
536490,SP46460,Weights Sports,29,2023-10-27 20:27:57,62.8,12445.0,Spain,Sports
536491,BO68947,Biography Books,32,2024-09-06 01:44:14,97.09,12374.0,Canada,Books
536492,EL20426,Charger Electronics,26,2023-09-05 12:40:18,32.39,,USA,Electronics
536493,CL63679,Jeans Clothing,49,2023-10-11 22:40:27,15.4,12356.0,Netherlands,Clothing
536493,EL96814,Charger Electronics,43,2023-12-02 17:17:26,85.15,12419.0,Italy,Electronics
536493,HO46509,Table Home,2,2025-04-19 15:11:35,31.65,12362.0,Australia,Home
536493,BO96487,Magazine Books,49,2025-07-18 11:07:58,99.79,12401.0,Australia,Books
536493,EL74462,Laptop Electronics,48,2025-06-10 19:38:34,57.93,12440.0,USA,Electronics
536493,CL21284,Shoes Clothing,36,2025-03-09 20:18:48,47.76,12380.0,Germany,Clothing
536494,EL44737,Smartphone Electronics,37,2025-04-27 20:25:24,87.52,12430.0,USA,Electronics
536495,CL67029,Hat Clothing,42,2024-05-05 05:53:48,43.44,12424.0,France,Clothing
536496,EL68879,Charger Electronics,20,2024-02-25 11:02:15,28.91,,Italy,Electronics
536497,EL22745,Speaker Electronics,32,2025-03-13 10:16:13,55.44,12360.0,UK,Electronics
536498,SP40281,Weights Sports,26,2023-12-12 08:06:09,69.3,12365.0,France,Sports
536498,CL12825,Jeans Clothing,22,2024-03-07 17:48:46,37.32,12430.0,Spain,Clothing
536499,EL32826,Speaker Electronics,28,2024-06-13 08:05:04,30.86,12439.0,Italy,Electronics
536499,HO84145,Plate Home,28,2024-11-23 17:48:07,80.42,12369.0,Germany,Home
536499,CL99832,T-Shirt Clothing,3,2024-06-18 22:31:24,94.37,12414.0,Spain,Clothing
536500,HO43112,Plate Home,1,2024-10-30 05:55:31,97.29,12423.0,Netherlands,Home
536501,HO98973,Plate Home,31,2024-01-31 18:46:51,41.49,12436.0,France,Home
536501,SP50016,Bottle Sports,49,2023-09-08 19:55:23,46.17,12393.0,Australia,Sports
536501,CL65074,Dress Clothing,42,2025-07-14 09:12:02,73.58,12405.0,Netherlands,Clothing
536501,BO86013,Biography Books,43,2025-04-11 18:10:35,59.99,12422.0,France,Books
536502,BO58861,Magazine Books,40,2025-05-30 01:34:50,74.96,12390.0,Germany,Books
536502,EL71775,Laptop Electronics,34,2025-05-06 01:51:06,8.57,12410.0,Italy,Electronics
536502,BO95484,Dictionary Books,46,2025-06-03 18:36:01,96.13,12432.0,Netherlands,Books
536502,SP93696,Bottle Sports,22,2025-02-07 22:35:42,36.01,12445.0,Germany,Sports
536503,CL59819,Hat Clothing,15,2024-11-24 20:35:25,96.18,12369.0,Canada,Clothing
536504,CL37025,Hat Clothing,12,2023-09-22 13:16:11,5.93,12409.0,Netherlands,Clothing
536504,EL70199,Laptop Electronics,10,2023-08-20 00:38:29,40.87,12403.0,Netherlands,Electronics
536504,CL57896,Shoes Clothing,20,2024-04-11 22:37:14,7.87,12417.0,Canada,Clothing
536505,EL59298,Speaker Electronics,34,2024-01-17 07:23:42,37.94,12346.0,USA,Electronics
536505,CL89992,Dress Clothing,12,2024-09-23 06:36:14,97.33,12381.0,Netherlands,Clothing
536506,HO65812,Cushion Home,1,2023-11-16 14:34:11,2.61,12393.0,USA,Home
536506,HO87399,Chair Home,36,2025-06-23 19:54:22,14.63,12402.0,UK,Home
536506,CL98197,Dress Clothing,21,2024-09-20 23:12:23,45.1,12403.0,Germany,Clothing
536507,EL17314,Smartphone Electronics,-48,2023-10-17 20:19:40,29.15,,Netherlands,Electronics
536507,EL61582,Laptop Electronics,23,2024-05-18 13:55:25,37.74,12363.0,Germany,Electronics
536507,CL59314,Hat Clothing,19,2024-06-07 09:34:02,61.89,12441.0,Germany,Clothing
536508,SP87445,Bottle Sports,20,2025-04-28 11:59:23,23.83,,Canada,Sports
536509,CL30880,Hat Clothing,-8,2024-03-12 14:15:34,52.1,12408.0,Spain,Clothing
536510,EL75972,Tablet Electronics,41,2024-10-01 03:20:06,52.04,12381.0,UK,Electronics
536511,CL90812,Jacket Clothing,23,2023-12-11 18:37:12,29.16,12359.0,UK,Clothing
536512,SP84539,Bottle Sports,33,2024-01-11 11:40:46,66.78,12385.0,UK,Sports
536512,BO66059,Dictionary Books,19,2024-11-28 23:55:00,21.38,12403.0,UK,Books
536512,EL16542,Tablet Electronics,34,2025-05-07 13:47:00,70.61,12380.0,Germany,Electronics
536513,EL52395,Charger Electronics,19,2024-08-03 08:04:16,95.22,12382.0,UK,Electronics
536514,BO73649,Novel Books,43,2025-01-21 07:02:27,46.84,12382.0,UK,Books
536514,BO59924,Novel Books,35,2024-02-15 02:18:57,85.15,12408.0,France,Books
536515,SP32000,Bottle Sports,22,2025-02-04 16:26:32,14.81,,Netherlands,Sports
536516,BO18884,Cookbook Books,14,2024-02-17 20:48:59,12.51,12402.0,Spain,Books
536517,CL27155,Jacket Clothing,10,2023-11-24 08:52:30,85.12,12406.0,Spain,Clothing
536517,SP15560,Towel Sports,10,2023-12-11 21:00:15,94.73,12389.0,Canada,Sports
536517,SP79232,Racket Sports,47,2025-06-11 12:21:18,42.7,12391.0,Australia,Sports
536518,CL95382,Hat Clothing,20,2025-02-05 14:56:13,16.2,12356.0,UK,Clothing
536519,CL52436,Shoes Clothing,15,2023-12-31 16:23:48,70.69,12416.0,Spain,Clothing
536520,BO79811,Dictionary Books,44,2024-01-15 20:32:43,29.25,12419.0,UK,Books
536521,CL90322,Jeans Clothing,19,2024-10-09 13:08:21,71.27,12431.0,Netherlands,Clothing
536522,EL75534,Smartphone Electronics,34,2024-11-11 22:56:03,65.76,12379.0,USA,Electronics
536523,SP37559,Weights Sports,32,2024-01-22 03:37:48,17.7,12421.0,UK,Sports
536523,BO93881,Magazine Books,6,2025-05-09 18:55:35,70.91,12375.0,Australia,Books
536524,BO46226,Cookbook Books,21,2023-12-14 04:33:55,95.54,12439.0,UK,Books
536525,BO69614,Cookbook Books,4,2023-11-11 01:50:40,2.37,12350.0,France,Books
536526,BO49064,Dictionary Books,29,2023-12-10 11:18:02,22.86,,UK,Books
536527,CL52841,Jacket Clothing,29,2024-09-13 02:07:38,11.53,12356.0,Italy,Clothing
536527,BO24496,Magazine Books,-36,2025-01-26 01:21:46,57.61,12354.0,Spain,Books
536528,BO78317,Biography Books,25,2024-12-10 08:33:32,42.35,12375.0,Germany,Books
536528,HO21488,Cushion Home,30,2025-01-04 10:40:43,91.5,12376.0,France,Home
536529,EL95436,Smartphone Electronics,38,2024-10-30 16:31:36,11.86,12355.0,Netherlands,Electronics
536530,CL92134,Jacket Clothing,41,2025-06-22 23:49:46,65.68,12424.0,Germany,Clothing
536531,HO83980,Chair Home,39,2024-01-15 06:36:07,54.8,12416.0,UK,Home
536532,BO51894,Novel Books,39,2024-05-02 18:26:51,48.48,12370.0,France,Books
536533,BO94822,Magazine Books,48,2023-10-17 21:59:22,76.86,12359.0,USA,Books
536534,CL21683,Hat Clothing,39,2024-11-26 14:33:04,54.44,12381.0,USA,Clothing
536534,CL90539,Hat Clothing,47,2024-11-17 12:16:56,54.64,12419.0,Spain,Clothing
536534,CL66858,Hat Clothing,8,2024-12-06 21:57:38,82.8,12443.0,Netherlands,Clothing
536534,CL71685,Dress Clothing,12,2025-01-18 00:23:49,65.64,12408.0,Spain,Clothing
536534,HO31256,Chair Home,18,2025-03-29 08:21:21,19.82,12353.0,Canada,Home
536534,BO69139,Biography Books,11,2024-03-09 10:14:28,66.47,12425.0,Canada,Books
536534,CL60278,Shoes Clothing,21,2024-10-07 11:45:23,49.28,12424.0,Australia,Clothing
536534,HO34490,Chair Home,34,2024-02-10 17:30:21,27.25,12361.0,France,Home
536535,BO31539,Novel Books,2,2024-06-10 15:09:45,68.22,12402.0,Italy,Books
536535,CL28703,Jeans Clothing,40,2023-09-25 02:54:32,37.04,12367.0,Germany,Clothing
536536,EL82943,Headphones Electronics,15,2024-07-04 21:42:21,99.11,12382.0,France,Electronics
536537,CL17287,Hat Clothing,47,2025-02-18 18:00:05,66.74,12348.0,UK,Clothing
536538,HO70122,Lamp Home,23,2024-12-28 15:41:59,42.58,12388.0,Netherlands,Home
536538,EL80709,Speaker Electronics,3,2024-08-04 04:44:34,96.9,12382.0,Canada,Electronics
536539,EL30284,Tablet Electronics,25,2024-04-09 09:31:03,10.03,12445.0,USA,Electronics
536540,HO18538,Plate Home,39,2024-02-09 14:12:49,75.59,12358.0,France,Home
536540,SP88725,Ball Sports,27,2024-05-21 15:54:27,44.51,12398.0,UK,Sports
536540,SP90669,Bottle Sports,19,2023-10-20 10:54:32,75.7,12384.0,USA,Sports
536541,HO51575,Lamp Home,30,2025-01-31 00:47:19,8.64,12428.0,Canada,Home
536541,HO85886,Lamp Home,44,2025-01-13 09:08:03,2.51,,Canada,Home
536541,BO92972,Biography Books,12,2024-01-17 07:31:29,12.85,12392.0,Australia,Books
536541,CL56537,Hat Clothing,40,2024-09-06 12:32:17,20.1,12361.0,France,Clothing
536542,BO55157,Manual Books,9,2025-07-15 15:34:21,57.71,12376.0,Germany,Books
536542,HO32503,Mug Home,41,2025-07-10 15:21:38,26.72,12431.0,USA,Home
536542,EL94896,Speaker Electronics,3,2024-02-25 06:22:35,40.15,12436.0,Spain,Electronics
536542,BO69762,Magazine Books,46,2024-09-18 12:54:46,46.74,12385.0,France,Books
536543,EL80050,Smartphone Electronics,37,2024-11-23 20:06:08,22.18,12383.0,Italy,Electronics
536543,CL47791,Dress Clothing,33,2023-09-07 04:57:33,40.81,12421.0,Italy,Clothing
536544,SP75309,Racket Sports,50,2024-12-23 12:11:00,79.56,12387.0,Canada,Sports
536544,EL10941,Speaker Electronics,22,2023-12-28 18:22:51,25.05,,Australia,Electronics
536544,BO69763,Biography Books,38,2023-12-05 10:54:16,32.87,12375.0,USA,Books
536545,EL70945,Smartphone Electronics,20,2023-11-28 06:24:16,14.89,12434.0,UK,Electronics
536546,CL45678,T-Shirt Clothing,46,2025-02-26 06:10:08,84.8,12442.0,Australia,Clothing
536546,CL60617,T-Shirt Clothing,-17,2024-05-14 13:45:23,56.46,12373.0,Netherlands,Clothing
536547,SP25252,Ball Sports,8,2024-11-29 00:14:16,0.0,12347.0,Germany,Sports
536547,EL30785,Smartphone Electronics,23,2025-03-24 13:46:04,22.24,12417.0,Canada,Electronics
536548,EL51138,Tablet Electronics,10,2025-02-18 13:47:41,28.09,12358.0,Canada,Electronics
536548,EL31595,Laptop Electronics,-29,2024-05-03 03:02:19,25.69,12424.0,France,Electronics
536549,SP84633,Racket Sports,5,2024-03-01 20:30:07,18.51,12415.0,UK,Sports
536549,CL62155,Shoes Clothing,41,2024-03-23 03:50:39,58.21,12436.0,UK,Clothing
536549,HO77040,Chair Home,49,2025-08-05 08:36:36,74.32,12421.0,UK,Home
536550,BO36221,Biography Books,47,2023-08-17 02:48:25,40.6,12408.0,Spain,Books
536551,SP70835,Weights Sports,47,2023-08-24 06:58:19,5.38,12359.0,France,Sports
536551,HO18372,Lamp Home,16,2023-08-27 06:42:17,12.22,12398.0,USA,Home
536552,BO38141,Biography Books,-11,2024-02-05 00:55:24,31.45,12370.0,France,Books
536552,HO70819,Plate Home,9,2023-12-28 16:06:46,8.1,12380.0,Australia,Home
536553,BO30829,Dictionary Books,13,2024-11-19 04:31:28,4.82,12360.0,Australia,Books
536553,SP41699,Mat Sports,7,2024-05-14 11:42:18,41.98,12431.0,Italy,Sports
536554,EL44275,Speaker Electronics,14,2024-11-29 22:38:19,26.79,12441.0,Canada,Electronics
536555,EL87044,Smartphone Electronics,12,2023-12-06 18:11:19,19.44,12376.0,USA,Electronics
536556,BO40162,Cookbook Books,40,2025-05-14 22:40:12,97.69,12368.0,Australia,Books
536556,SP58388,Racket Sports,35,2023-12-23 14:23:50,25.71,12359.0,UK,Sports
536556,EL38358,Charger Electronics,44,2024-12-05 10:39:34,86.15,12380.0,Spain,Electronics
536557,HO44004,Chair Home,3,2025-01-20 06:21:35,76.29,12387.0,France,Home
536558,SP94901,Racket Sports,50,2024-02-28 18:47:13,4.92,12408.0,USA,Sports
536558,CL34862,Jacket Clothing,12,2025-06-11 14:35:16,66.57,,Australia,Clothing
536559,BO14041,Dictionary Books,23,2024-03-12 02:38:44,70.77,12407.0,Italy,Books
536559,BO53594,Dictionary Books,33,2025-03-13 03:41:51,74.65,12434.0,Netherlands,Books
536560,EL82030,Tablet Electronics,35,2024-06-20 01:22:57,60.66,12381.0,USA,Electronics
536560,EL66264,Charger Electronics,20,2023-10-16 02:13:07,40.43,12361.0,Italy,Electronics
536560,SP13169,Towel Sports,12,2025-02-09 21:57:50,59.6,12426.0,USA,Sports
536560,SP75508,Bottle Sports,38,2024-09-23 14:39:27,71.07,12425.0,Netherlands,Sports
536561,SP38995,Racket Sports,11,2023-12-22 16:18:17,24.05,12381.0,Spain,Sports
536562,HO83329,Mug Home,41,2024-09-22 21:18:58,53.75,12384.0,USA,Home
536563,CL45293,Dress Clothing,26,2025-02-11 19:21:49,88.79,12359.0,Germany,Clothing
536563,BO47862,Novel Books,29,2023-09-21 08:11:15,54.84,12389.0,France,Books
536564,EL91799,Charger Electronics,15,2024-01-19 23:26:31,68.24,12380.0,Netherlands,Electronics
536564,SP85663,Towel Sports,40,2023-11-08 03:14:07,45.72,12360.0,Canada,Sports
536565,SP82413,Racket Sports,45,2024-01-26 03:38:49,5.0,12348.0,USA,Sports
536565,BO12239,Cookbook Books,37,2024-04-01 18:28:18,8.33,12393.0,Italy,Books
536565,EL65708,Charger Electronics,6,2023-08-25 06:00:42,87.41,12420.0,Germany,Electronics
536565,CL78403,Jacket Clothing,32,2024-06-03 21:46:56,42.38,12353.0,Netherlands,Clothing
536565,BO39838,Magazine Books,47,2024-05-31 22:30:16,37.76,12384.0,Canada,Books
536565,EL77282,Headphones Electronics,41,2023-09-26 12:35:05,31.98,12398.0,Australia,Electronics
536566,HO57334,Lamp Home,18,2024-07-13 15:58:43,72.94,12416.0,Germany,Home
536566,CL52836,Hat Clothing,26,2024-12-31 06:56:35,15.15,12377.0,Spain,Clothing
536567,EL90140,Headphones Electronics,21,2025-05-15 23:01:50,75.48,12396.0,UK,Electronics
536567,HO12256,Mug Home,29,2024-05-26 07:16:03,93.47,12441.0,Canada,Home
536567,BO17712,Magazine Books,40,2024-01-04 07:49:53,79.06,12425.0,Spain,Books
536567,SP58058,Bottle Sports,46,2025-01-21 02:45:31,47.77,12354.0,France,Sports
536567,HO85247,Lamp Home,-31,2025-03-25 07:31:11,3.72,12361.0,Germany,Home
536567,BO32894,Manual Books,44,2025-06-05 10:35:31,53.1,,Canada,Books
536568,EL76784,Charger Electronics,23,2023-08-30 23:53:23,93.99,12422.0,Germany,Electronics
536569,CL46170,Hat Clothing,9,2025-03-03 18:28:13,64.41,12401.0,Germany,Clothing
536569,SP77179,Racket Sports,40,2024-04-17 11:15:01,20.76,12438.0,Australia,Sports
536570,HO31036,Mug Home,31,2024-12-05 08:20:36,40.25,12358.0,Canada,Home
536571,SP71839,Bottle Sports,21,2024-12-24 17:46:59,7.84,12368.0,Italy,Sports
536571,BO82604,Biography Books,40,2024-10-24 09:00:40,36.2,12364.0,Spain,Books
536572,EL79618,Headphones Electronics,43,2023-12-16 17:58:04,99.83,12400.0,France,Electronics
536572,CL89736,Jeans Clothing,38,2025-05-06 06:18:44,77.95,12368.0,France,Clothing
536572,EL71594,Smartphone Electronics,13,2024-07-13 22:27:57,8.75,12359.0,Italy,Electronics
536572,BO68058,Magazine Books,37,2024-01-25 12:44:14,88.11,,Spain,Books
536572,HO61990,Plate Home,26,2024-03-19 21:30:50,13.95,12377.0,Netherlands,Home
536572,BO15831,Manual Books,26,2024-12-26 20:39:26,72.06,12439.0,Australia,Books
536573,BO91774,Magazine Books,13,2023-10-17 01:15:31,91.58,12385.0,USA,Books
536574,EL15953,Smartphone Electronics,14,2024-12-13 11:50:10,64.88,12359.0,Netherlands,Electronics
536574,HO68531,Table Home,41,2024-05-12 09:21:36,18.69,12435.0,Italy,Home
536574,EL79626,Smartphone Electronics,28,2025-05-07 13:01:14,46.07,12402.0,Canada,Electronics
536575,BO60114,Magazine Books,15,2023-12-08 04:59:31,42.96,12421.0,USA,Books
536575,EL29696,Smartphone Electronics,10,2025-07-03 12:58:34,60.15,12414.0,Spain,Electronics
536575,CL15263,T-Shirt Clothing,37,2024-11-08 03:08:07,32.93,12409.0,Italy,Clothing
536575,BO63187,Cookbook Books,37,2025-03-14 02:37:42,21.71,12384.0,Australia,Books
536575,SP57254,Racket Sports,29,2025-02-07 20:15:45,16.85,12364.0,France,Sports
536575,BO30968,Manual Books,32,2024-10-11 00:26:29,27.21,12423.0,Australia,Books
536576,CL86949,Dress Clothing,21,2025-07-10 22:24:43,50.27,12397.0,Italy,Clothing
536576,HO93876,Lamp Home,35,2024-05-25 02:35:25,29.06,12395.0,Germany,Home
536577,SP68036,Weights Sports,14,2025-03-07 04:35:03,99.22,12392.0,Netherlands,Sports
536577,HO98311,Table Home,17,2023-12-11 19:53:09,35.02,12417.0,Germany,Home
536578,SP57985,Weights Sports,4,2025-05-05 05:32:27,0.0,12397.0,France,Sports
536579,SP56085,Mat Sports,24,2023-12-29 17:38:13,99.26,12356.0,Netherlands,Sports
536579,BO55320,Dictionary Books,43,2024-11-22 16:41:34,5.44,12355.0,Italy,Books
536580,BO19546,Cookbook Books,34,2025-05-19 11:24:39,48.95,12403.0,Spain,Books
536580,HO24561,Plate Home,28,2024-02-28 04:54:30,0.0,12368.0,USA,Home
536580,EL12193,Tablet Electronics,48,2024-01-08 19:36:23,60.22,12429.0,Spain,Electronics
536580,HO35556,Chair Home,6,2024-04-19 01:59:38,82.52,12440.0,Netherlands,Home
536581,BO16028,Biography Books,46,2024-03-09 12:13:09,31.84,12346.0,Italy,Books
536582,HO51031,Lamp Home,12,2024-02-07 08:20:38,59.71,12415.0,Canada,Home
536582,BO90714,Biography Books,30,2023-11-14 19:55:13,66.92,12414.0,UK,Books
536583,CL24303,Dress Clothing,2,2024-02-29 03:50:34,92.48,12386.0,Spain,Clothing
536583,SP33409,Weights Sports,20,2025-01-20 15:09:32,39.25,12420.0,UK,Sports
536583,SP37070,Weights Sports,3,2024-08-22 23:09:23,69.88,12429.0,Netherlands,Sports
536583,SP80955,Bottle Sports,27,2023-10-28 12:40:57,59.25,12417.0,Italy,Sports
536583,EL82621,Smartphone Electronics,1,2024-02-01 18:33:11,38.9,12417.0,Netherlands,Electronics
536583,HO75229,Plate Home,32,2023-09-24 15:22:28,61.64,12398.0,Germany,Home
536583,CL85024,Shoes Clothing,27,2024-03-05 07:13:53,7.58,,Netherlands,Clothing
536583,EL83664,Speaker Electronics,28,2024-09-16 23:04:23,10.56,12362.0,Canada,Electronics
536584,HO43989,Mug Home,9,2024-03-13 02:02:14,97.43,12359.0,France,Home
536584,CL55882,Shoes Clothing,18,2025-06-10 04:44:59,94.98,12398.0,Germany,Clothing
536585,BO80135,Novel Books,44,2025-03-16 15:29:21,65.16,12386.0,Netherlands,Books
536585,BO96057,Cookbook Books,12,2023-10-11 23:35:27,47.95,12381.0,Italy,Books
536586,CL67835,Jacket Clothing,30,2025-01-08 07:55:41,75.64,12425.0,UK,Clothing
536586,SP70040,Weights Sports,32,2024-02-11 06:26:20,16.47,12428.0,USA,Sports
536587,SP63078,Towel Sports,31,2025-06-18 18:28:29,52.1,12409.0,Australia,Sports
536587,CL96535,Shoes Clothing,40,2023-12-16 20:20:36,48.37,12348.0,UK,Clothing
536587,HO46273,Chair Home,11,2024-02-23 20:32:35,91.68,12420.0,Australia,Home
536587,HO73163,Mug Home,17,2024-04-15 06:31:48,14.29,12355.0,Australia,Home
536587,BO42442,Dictionary Books,5,2024-08-06 14:42:54,1.65,12365.0,Germany,Books
536587,EL76233,Smartphone Electronics,38,2024-06-05 13:36:40,22.08,12374.0,Netherlands,Electronics
536588,HO66862,Cushion Home,10,2023-08-16 22:47:19,60.56,12388.0,Italy,Home
536588,CL54429,Dress Clothing,10,2025-01-30 15:37:05,8.41,12352.0,Germany,Clothing
536588,EL38017,Headphones Electronics,12,2024-03-17 09:38:31,7.91,12444.0,Germany,Electronics
536588,HO29770,Mug Home,33,2023-10-23 08:47:42,27.39,12398.0,UK,Home
536589,SP40310,Racket Sports,49,2023-10-10 14:33:16,5.81,12442.0,UK,Sports
536590,BO90661,Biography Books,6,2025-02-25 03:36:55,63.88,12371.0,France,Books
536591,SP40498,Towel Sports,49,2025-05-27 21:31:06,60.23,12358.0,France,Sports
536592,HO21320,Cushion Home,10,2024-08-30 06:36:38,18.8,12425.0,Italy,Home
536592,BO93098,Dictionary Books,-2,2024-01-07 05:00:38,74.92,12375.0,UK,Books
536592,BO67066,Cookbook Books,32,2024-05-10 06:44:14,6.58,12390.0,France,Books
536592,CL80732,Shoes Clothing,24,2025-06-16 20:56:28,6.57,12392.0,Germany,Clothing
536593,HO72181,Table Home,41,2025-05-15 07:59:09,6.35,12389.0,Germany,Home
536593,HO12526,Chair Home,29,2025-03-04 00:15:26,71.73,12392.0,France,Home
536593,HO17470,Plate Home,11,2024-02-04 20:42:17,75.27,,Australia,Home
536593,BO65574,Novel Books,23,2023-12-26 17:08:32,66.23,12437.0,Spain,Books
536593,BO81823,Manual Books,-10,2023-09-19 15:33:13,79.52,12398.0,Italy,Books
536594,HO45366,Plate Home,33,2023-10-28 08:09:23,2.81,,Canada,Home
536595,BO80678,Dictionary Books,43,2024-03-14 10:15:31,98.37,12437.0,UK,Books
536596,CL89685,Jeans Clothing,36,2023-08-13 10:42:37,78.93,12381.0,USA,Clothing
536597,CL42080,Hat Clothing,43,2025-07-21 16:24:58,61.9,12385.0,Netherlands,Clothing
536598,HO90770,Table Home,35,2025-08-05 15:00:41,42.77,12373.0,Germany,Home
536598,CL25883,Shoes Clothing,38,2023-10-21 00:56:50,99.48,12348.0,Netherlands,Clothing
536599,SP22453,Mat Sports,-25,2024-01-16 15:30:08,72.82,12397.0,Italy,Sports
536600,SP90426,Ball Sports,37,2024-09-03 20:51:00,28.54,12434.0,Italy,Sports
536601,HO12591,Chair Home,31,2025-04-19 00:17:56,75.79,12444.0,Italy,Home
536601,CL84638,Jacket Clothing,19,2023-10-19 18:03:52,19.55,12408.0,Netherlands,Clothing
536602,BO30493,Biography Books,28,2024-01-12 10:34:39,30.92,12407.0,Canada,Books
536602,EL51270,Laptop Electronics,27,2025-07-05 05:19:51,64.73,12445.0,Canada,Electronics
536602,CL99542,Jacket Clothing,17,2024-09-14 03:19:42,17.91,12443.0,Australia,Clothing
536602,EL28769,Speaker Electronics,26,2024-04-13 10:33:25,61.16,12396.0,France,Electronics
536602,HO14504,Mug Home,23,2024-10-31 03:32:38,71.21,12424.0,Spain,Home
536603,SP13753,Towel Sports,10,2025-06-01 19:44:39,90.77,12415.0,Germany,Sports
536603,HO74906,Chair Home,27,2024-06-14 17:29:02,39.28,12355.0,Italy,Home
536603,EL34456,Speaker Electronics,47,2025-02-23 06:11:25,24.26,12432.0,UK,Electronics
536604,SP38794,Racket Sports,9,2023-10-13 03:15:34,35.36,12346.0,Canada,Sports
536604,EL21134,Speaker Electronics,16,2023-08-20 17:17:23,24.32,12421.0,Netherlands,Electronics
536605,EL77423,Charger Electronics,6,2025-06-26 18:51:13,19.49,12420.0,UK,Electronics
536606,SP86661,Weights Sports,41,2025-06-11 15:37:41,76.36,12357.0,Italy,Sports
536607,EL71699,Tablet Electronics,19,2025-07-07 09:02:34,19.41,12376.0,Canada,Electronics
536607,CL92334,Hat Clothing,40,2025-02-05 15:06:56,61.04,12406.0,USA,Clothing
536608,SP76757,Bottle Sports,17,2024-01-19 07:41:18,21.57,12443.0,Australia,Sports
536608,EL43953,Laptop Electronics,45,2024-10-17 01:44:07,79.7,12373.0,Australia,Electronics
536609,CL48413,Dress Clothing,14,2024-09-18 07:27:02,5.3,12420.0,Spain,Clothing
536609,CL96016,Jeans Clothing,14,2024-09-25 05:42:10,35.44,12414.0,USA,Clothing
536609,EL40118,Speaker Electronics,1,2023-09-26 19:14:27,18.92,,Australia,Electronics
536610,EL90273,Speaker Electronics,29,2023-11-28 22:01:27,98.45,12385.0,UK,Electronics
536610,EL53250,Charger Electronics,11,2024-01-08 15:44:13,54.78,,USA,Electronics
536610,SP35712,Bottle Sports,16,2025-08-08 04:13:24,67.49,12421.0,Spain,Sports
536611,HO68269,Cushion Home,28,2024-05-11 08:50:39,24.42,12394.0,Italy,Home
536611,BO68560,Manual Books,19,2025-04-03 08:12:42,50.19,12370.0,Canada,Books
536612,BO33052,Biography Books,43,2025-02-17 12:25:58,25.61,12419.0,Canada,Books
536612,SP17426,Racket Sports,25,2024-06-03 22:35:00,67.94,12363.0,Italy,Sports
536613,HO18200,Cushion Home,-47,2025-06-01 03:57:43,89.65,12405.0,France,Home
536613,BO36039,Magazine Books,30,2024-05-30 23:19:38,71.27,12438.0,UK,Books
536614,EL68454,Laptop Electronics,25,2023-12-09 06:18:21,97.72,12445.0,USA,Electronics
536614,EL57151,Speaker Electronics,27,2025-01-01 00:49:21,50.77,12431.0,Netherlands,Electronics
536615,CL65481,Shoes Clothing,18,2024-02-28 04:24:22,76.26,12443.0,Canada,Clothing
536615,SP69938,Ball Sports,1,2024-06-16 08:54:43,39.38,12387.0,Australia,Sports
536615,EL90751,Charger Electronics,44,2024-05-16 23:29:01,3.49,12385.0,Italy,Electronics
536616,HO80120,Cushion Home,1,2024-05-25 13:04:49,14.21,,Spain,Home
536617,EL80969,Tablet Electronics,23,2025-01-14 14:49:11,99.86,12417.0,UK,Electronics
536617,SP70412,Bottle Sports,21,2024-01-23 03:57:01,59.31,12360.0,Spain,Sports
536617,CL95614,T-Shirt Clothing,41,2025-05-17 13:31:15,2.36,12400.0,Spain,Clothing
536617,EL47156,Charger Electronics,37,2024-04-05 16:16:00,91.03,12383.0,Italy,Electronics
536617,CL30380,Dress Clothing,48,2025-01-09 21:26:04,16.38,12406.0,Australia,Clothing
536617,HO84252,Plate Home,4,2023-08-14 03:36:08,38.93,12436.0,Canada,Home
536618,SP49066,Weights Sports,41,2024-02-29 18:20:58,88.7,12368.0,Germany,Sports
536618,HO86536,Mug Home,5,2025-07-24 02:50:30,34.22,12364.0,Canada,Home
536619,SP28835,Ball Sports,22,2023-12-31 23:30:21,94.3,12414.0,UK,Sports
536619,HO61008,Lamp Home,-25,2024-03-08 09:59:07,21.74,12352.0,USA,Home
536620,CL78670,Dress Clothing,45,2025-06-19 17:08:09,89.75,12375.0,Italy,Clothing
536620,HO93296,Lamp Home,46,2024-09-05 11:50:00,7.94,12398.0,Germany,Home
536621,HO19537,Chair Home,46,2024-01-25 12:57:56,87.63,12352.0,Canada,Home
536622,CL66798,Jeans Clothing,19,2024-12-22 18:47:14,9.78,12411.0,Netherlands,Clothing
536623,BO93853,Magazine Books,50,2023-11-02 22:38:27,1.27,12358.0,Canada,Books
536624,HO96474,Chair Home,7,2025-06-04 08:08:23,59.58,12393.0,Italy,Home
536625,SP33694,Mat Sports,2,2023-10-26 12:01:08,70.55,12435.0,Canada,Sports
536625,CL97186,Dress Clothing,13,2024-04-29 00:51:04,34.54,12378.0,Italy,Clothing
536625,BO10742,Biography Books,16,2024-10-01 13:22:56,23.31,12348.0,Australia,Books
536626,SP87992,Weights Sports,44,2024-09-30 11:23:42,8.06,12380.0,Australia,Sports
536627,CL92949,Hat Clothing,17,2025-02-12 07:24:01,47.1,12431.0,France,Clothing
536627,BO86545,Biography Books,15,2024-08-29 00:25:13,17.97,12354.0,USA,Books
536628,SP71768,Racket Sports,27,2023-10-27 17:07:19,52.67,12434.0,Germany,Sports
536628,CL38997,Hat Clothing,29,2024-03-10 20:36:45,60.17,12410.0,Netherlands,Clothing
536628,HO33754,Plate Home,38,2024-03-26 18:52:32,55.73,12363.0,UK,Home
536628,CL26376,Jacket Clothing,5,2025-01-03 17:27:42,50.06,12348.0,USA,Clothing
536628,HO90989,Chair Home,7,2023-10-17 09:22:33,71.86,12348.0,Netherlands,Home
536628,CL84351,Jeans Clothing,40,2024-01-07 05:32:32,78.45,12437.0,Netherlands,Clothing
536629,CL10621,Jacket Clothing,1,2023-11-30 08:15:01,85.32,12378.0,Italy,Clothing
536629,CL69423,Shoes Clothing,42,2024-02-27 02:53:38,33.56,12378.0,Spain,Clothing
536630,HO33516,Mug Home,15,2024-02-13 17:55:36,89.6,12354.0,Australia,Home
536630,BO55402,Dictionary Books,39,2025-02-10 07:41:48,26.04,12370.0,USA,Books
536630,CL16703,T-Shirt Clothing,25,2024-01-11 10:34:41,74.84,12404.0,Australia,Clothing
536630,SP74147,Weights Sports,38,2023-11-05 21:02:56,57.5,12357.0,France,Sports
536630,CL20466,T-Shirt Clothing,39,2023-11-10 23:48:53,99.7,12379.0,Italy,Clothing
536630,CL90722,Jacket Clothing,44,2024-04-02 06:33:40,8.17,12408.0,Spain,Clothing
536630,EL82109,Speaker Electronics,19,2024-07-11 20:45:17,79.88,12415.0,Spain,Electronics
536631,BO70364,Novel Books,35,2024-03-16 18:17:22,10.92,12360.0,France,Books
536631,BO90022,Dictionary Books,42,2024-08-15 04:09:03,97.71,12404.0,Spain,Books
536631,BO34725,Manual Books,47,2025-05-08 08:00:53,81.83,12382.0,Netherlands,Books
536632,CL88631,Jeans Clothing,37,2024-05-25 15:25:42,95.24,12378.0,Netherlands,Clothing
536632,HO26202,Mug Home,43,2023-12-08 04:45:46,23.7,12361.0,France,Home
536632,HO66665,Cushion Home,2,2025-02-08 06:46:42,81.36,12432.0,Canada,Home
536632,EL23619,Smartphone Electronics,49,2024-12-31 00:37:04,20.86,12369.0,Italy,Electronics
536632,BO15112,Magazine Books,14,2024-11-03 23:09:01,69.75,12403.0,Canada,Books
536632,HO11973,Lamp Home,2,2025-03-28 18:05:45,49.02,,Italy,Home
536632,BO57108,Magazine Books,23,2024-02-07 17:49:11,25.08,12415.0,France,Books
536632,CL75705,T-Shirt Clothing,6,2025-07-27 12:35:40,0.0,12386.0,Germany,Clothing
536633,SP73786,Mat Sports,45,2024-10-29 15:28:54,17.62,12357.0,USA,Sports
536633,BO26970,Manual Books,33,2024-09-06 01:37:19,35.83,12431.0,Canada,Books
536634,HO51998,Cushion Home,13,2024-07-19 12:39:17,66.92,12381.0,France,Home
536634,BO68381,Manual Books,38,2024-08-22 14:55:54,82.95,12369.0,Germany,Books
536635,BO80909,Novel Books,34,2023-12-15 14:14:37,79.29,12410.0,Spain,Books
536635,SP61833,Towel Sports,-46,2024-09-23 05:01:13,18.92,12366.0,UK,Sports
536635,BO51923,Cookbook Books,49,2024-03-06 09:58:43,39.17,12352.0,France,Books
536636,EL62344,Tablet Electronics,47,2025-06-12 07:18:18,11.26,12431.0,UK,Electronics
536636,EL33843,Tablet Electronics,8,2025-03-18 18:58:50,54.66,12362.0,Netherlands,Electronics
536637,CL50715,Shoes Clothing,23,2023-12-14 13:17:32,91.76,12396.0,Netherlands,Clothing
536638,SP57858,Mat Sports,-12,2023-12-03 05:33:08,31.6,12428.0,USA,Sports
536638,HO41808,Chair Home,42,2025-01-22 14:51:55,38.4,12353.0,UK,Home
536639,SP14454,Towel Sports,22,2025-05-31 22:50:02,0.0,12420.0,USA,Sports
536639,CL79350,T-Shirt Clothing,38,2025-01-03 01:52:25,98.87,12434.0,USA,Clothing
536640,SP72962,Towel Sports,10,2025-03-20 14:48:59,62.35,12428.0,Canada,Sports
536640,HO39497,Chair Home,20,2024-05-22 20:58:44,19.31,12382.0,Netherlands,Home
536640,BO72789,Novel Books,32,2023-11-27 21:55:38,9.38,12378.0,Italy,Books
536640,EL35716,Laptop Electronics,32,2023-08-17 10:35:07,41.88,12399.0,Netherlands,Electronics
536640,BO55728,Manual Books,30,2023-12-14 04:21:51,9.25,12403.0,Spain,Books
536640,SP81011,Bottle Sports,7,2025-08-10 20:16:07,15.16,12408.0,Germany,Sports
536641,HO16302,Table Home,28,2025-01-10 15:59:03,17.67,12414.0,Netherlands,Home
536641,EL88328,Laptop Electronics,26,2025-02-24 08:55:56,93.92,12396.0,Australia,Electronics
536642,HO89011,Table Home,50,2024-07-17 01:18:30,26.96,,UK,Home
536642,HO91469,Plate Home,38,2024-06-27 06:51:46,69.03,12349.0,USA,Home
536643,SP28992,Mat Sports,38,2023-10-10 10:58:20,32.78,12378.0,Netherlands,Sports
536644,HO70865,Lamp Home,3,2024-01-13 18:30:02,48.2,12435.0,France,Home
536644,SP41569,Mat Sports,9,2024-04-07 03:01:03,43.85,12361.0,Australia,Sports
536644,EL31094,Smartphone Electronics,19,2024-07-13 06:26:51,93.9,12377.0,USA,Electronics
536645,BO50358,Novel Books,6,2023-10-10 23:25:12,28.33,12411.0,UK,Books
536645,BO49817,Novel Books,21,2023-08-18 17:18:33,76.4,12408.0,UK,Books
536645,BO50730,Novel Books,30,2025-02-19 20:11:53,87.2,12354.0,Netherlands,Books
536645,CL74749,Dress Clothing,27,2024-10-17 15:19:19,14.62,12407.0,Netherlands,Clothing
536646,EL49085,Smartphone Electronics,6,2023-10-15 02:56:59,80.62,12380.0,Canada,Electronics
536646,CL29508,Jacket Clothing,20,2024-07-14 21:53:08,65.91,12440.0,Netherlands,Clothing
536647,EL18166,Laptop Electronics,24,2023-08-28 06:08:31,15.22,12431.0,USA,Electronics
536647,EL38980,Charger Electronics,33,2024-08-05 15:19:40,51.47,12434.0,Spain,Electronics
536648,EL36152,Smartphone Electronics,33,2024-12-13 08:07:01,34.71,12357.0,UK,Electronics
536648,HO85246,Plate Home,41,2023-10-14 04:44:15,48.81,12382.0,Spain,Home
536649,CL22545,Jacket Clothing,37,2025-03-23 20:02:21,59.49,12374.0,USA,Clothing
536649,HO92169,Mug Home,9,2025-02-14 07:37:14,42.14,12400.0,USA,Home
536650,EL33880,Speaker Electronics,23,2025-01-10 20:57:41,77.51,12353.0,USA,Electronics
536651,HO97704,Table Home,34,2023-11-01 11:16:26,53.68,12400.0,Netherlands,Home
536652,CL46483,T-Shirt Clothing,4,2024-06-10 21:00:16,85.22,12354.0,France,Clothing
536652,BO53307,Magazine Books,23,2024-09-18 23:00:07,79.92,12381.0,USA,Books
536653,BO16832,Dictionary Books,1,2023-11-13 15:23:30,86.12,12404.0,Netherlands,Books
536653,BO32687,Novel Books,39,2024-12-23 04:18:36,72.7,12372.0,Germany,Books
536654,BO99003,Dictionary Books,47,2025-02-12 14:51:11,22.51,12426.0,Germany,Books
536655,SP77483,Towel Sports,12,2023-12-18 20:09:33,42.49,12354.0,Italy,Sports
536655,CL68646,Shoes Clothing,40,2025-06-29 07:05:40,88.95,12422.0,Spain,Clothing
536655,HO52087,Chair Home,41,2025-07-04 15:07:44,77.13,12370.0,USA,Home
536655,EL62547,Laptop Electronics,35,2025-02-13 00:50:49,21.05,12435.0,USA,Electronics
536655,CL85918,Hat Clothing,8,2024-09-30 22:35:27,57.62,12375.0,France,Clothing
536656,BO16224,Cookbook Books,10,2024-05-05 10:31:35,15.21,12444.0,Spain,Books
536657,BO62241,Novel Books,30,2025-06-14 06:56:06,30.98,12370.0,Spain,Books
536657,EL31309,Laptop Electronics,47,2024-07-16 14:00:37,88.99,12444.0,Spain,Electronics
536657,BO18728,Magazine Books,29,2024-07-10 16:14:12,75.33,12360.0,Spain,Books
536657,HO40046,Mug Home,6,2025-01-13 13:47:42,92.69,12374.0,Netherlands,Home
536658,SP41337,Racket Sports,31,2024-12-23 16:53:56,67.25,12379.0,Australia,Sports
536659,EL33157,Tablet Electronics,38,2025-04-07 23:22:21,2.66,12416.0,Italy,Electronics
536659,EL15203,Speaker Electronics,27,2024-12-04 01:09:13,48.52,12415.0,Australia,Electronics
536660,HO16316,Lamp Home,21,2023-08-19 05:22:41,5.1,12419.0,UK,Home
536661,CL46941,Jacket Clothing,15,2024-01-28 23:34:40,93.46,12424.0,France,Clothing
536661,SP16258,Ball Sports,31,2023-11-05 20:17:05,37.42,12406.0,Australia,Sports
536661,CL41480,Shoes Clothing,16,2025-05-29 00:04:37,43.16,12378.0,Australia,Clothing
536662,HO34078,Lamp Home,33,2024-01-14 11:48:40,97.59,12395.0,France,Home
536662,EL62647,Charger Electronics,25,2024-08-16 19:47:13,63.14,12433.0,UK,Electronics
536663,SP81622,Bottle Sports,50,2024-07-05 16:27:36,39.56,12377.0,Netherlands,Sports
536663,SP87758,Weights Sports,48,2024-07-24 19:10:12,93.46,12395.0,Italy,Sports
536663,CL78657,Dress Clothing,9,2024-11-23 00:32:39,80.75,12369.0,Italy,Clothing
536663,EL51555,Laptop Electronics,25,2025-01-08 16:17:17,15.49,12422.0,Canada,Electronics
536664,SP97327,Weights Sports,5,2023-12-14 00:18:16,21.51,12429.0,USA,Sports
536665,EL54222,Tablet Electronics,6,2024-08-12 06:35:25,91.69,12420.0,Canada,Electronics
536666,BO75909,Novel Books,1,2024-01-01 11:56:27,12.11,12369.0,Italy,Books
536666,EL22662,Speaker Electronics,5,2024-04-07 22:09:49,97.97,12349.0,France,Electronics
536666,EL62990,Smartphone Electronics,40,2025-05-09 16:07:47,22.28,12398.0,Canada,Electronics
536666,SP65071,Ball Sports,27,2024-07-01 09:32:46,76.85,12433.0,France,Sports
536667,BO83650,Dictionary Books,20,2024-09-08 03:09:37,3.08,12381.0,Spain,Books
536667,SP40892,Mat Sports,34,2025-06-17 16:47:57,7.34,12380.0,Australia,Sports
536667,HO97713,Cushion Home,22,2024-08-12 02:49:25,92.34,12364.0,Spain,Home
536667,BO48442,Dictionary Books,20,2025-01-23 03:02:53,1.96,12421.0,France,Books
536668,EL79238,Laptop Electronics,28,2025-04-28 09:57:56,41.6,12363.0,Netherlands,Electronics
536668,SP38636,Towel Sports,-21,2024-12-21 05:29:48,47.04,12355.0,Italy,Sports
536669,BO19439,Biography Books,36,2024-01-03 11:34:09,47.91,12354.0,Germany,Books
536669,SP51923,Racket Sports,7,2024-02-14 07:16:49,33.87,12365.0,Italy,Sports
536670,CL96332,Dress Clothing,40,2023-10-19 17:19:36,31.68,12386.0,UK,Clothing
536671,SP51343,Racket Sports,26,2023-10-01 09:31:52,75.85,12411.0,Canada,Sports
536671,BO61503,Magazine Books,-27,2025-07-01 15:16:05,2.7,12426.0,USA,Books
536671,BO63303,Manual Books,40,2024-04-19 01:03:12,23.94,12368.0,Netherlands,Books
536672,SP82416,Bottle Sports,40,2023-12-15 15:57:02,33.62,12375.0,Netherlands,Sports
536672,HO21639,Plate Home,3,2024-05-25 03:31:54,94.61,12442.0,Canada,Home
536673,HO85439,Table Home,45,2024-09-13 21:59:05,73.65,12435.0,Canada,Home
536674,HO57132,Table Home,23,2024-09-17 14:08:24,93.92,12386.0,Spain,Home
536674,SP38771,Weights Sports,35,2024-11-13 20:30:04,13.1,12372.0,Spain,Sports
536674,SP91539,Weights Sports,41,2024-04-25 10:55:48,67.35,12445.0,France,Sports
536675,BO93574,Cookbook Books,3,2024-01-13 02:23:10,50.2,12393.0,France,Books
536675,HO32875,Table Home,25,2023-09-17 02:38:00,0.0,12359.0,Australia,Home
536676,SP92722,Weights Sports,43,2025-01-15 11:10:56,77.57,12431.0,UK,Sports
536676,HO68880,Mug Home,31,2024-04-02 20:29:01,83.82,12382.0,France,Home
536676,SP17506,Mat Sports,9,2024-03-13 21:19:30,7.13,12417.0,Italy,Sports
536676,SP10394,Weights Sports,1,2024-12-29 02:51:28,13.43,12376.0,UK,Sports
536676,EL48732,Speaker Electronics,36,2024-09-19 22:09:43,48.41,12376.0,Germany,Electronics
536676,HO47287,Mug Home,5,2024-12-13 14:01:29,55.45,12398.0,France,Home
536676,HO33738,Chair Home,14,2025-07-21 06:07:50,15.92,12382.0,Germany,Home
536676,SP98574,Ball Sports,9,2024-03-25 12:55:49,69.04,12371.0,Netherlands,Sports
536677,CL55425,Dress Clothing,31,2023-09-25 22:40:36,78.69,12385.0,Germany,Clothing
536677,EL22121,Laptop Electronics,7,2024-04-05 23:59:48,18.42,12391.0,Australia,Electronics
536678,EL85650,Charger Electronics,-8,2024-07-28 09:56:11,0.0,12379.0,USA,Electronics
536678,SP95499,Racket Sports,45,2024-09-14 17:23:42,38.18,12430.0,Canada,Sports
536679,SP35756,Towel Sports,42,2025-05-18 08:58:48,84.34,12400.0,Australia,Sports
536679,CL82627,Jeans Clothing,7,2023-08-17 01:59:15,96.68,12438.0,Germany,Clothing
536679,EL12168,Smartphone Electronics,3,2023-08-18 23:03:19,83.22,12379.0,Germany,Electronics
536679,HO89876,Table Home,20,2024-09-03 01:50:44,27.88,12365.0,France,Home
536680,HO39266,Mug Home,20,2024-10-13 04:54:00,18.51,12351.0,Italy,Home
536681,SP73812,Racket Sports,16,2025-06-14 09:55:24,29.29,12432.0,UK,Sports
536682,EL10226,Laptop Electronics,4,2025-02-09 19:22:24,12.84,12357.0,Australia,Electronics
536682,EL98823,Smartphone Electronics,18,2025-04-01 03:44:25,80.36,12376.0,USA,Electronics
536682,SP72157,Mat Sports,29,2025-04-29 00:30:19,92.98,12403.0,Italy,Sports
536682,EL55942,Smartphone Electronics,49,2024-07-14 17:05:49,25.53,12419.0,France,Electronics
536683,CL40811,Dress Clothing,23,2023-12-07 20:25:44,9.25,12374.0,Spain,Clothing
536683,CL29572,Jeans Clothing,8,2025-02-11 15:11:31,74.35,12423.0,USA,Clothing
536684,CL54543,Jeans Clothing,32,2024-10-21 07:54:13,67.31,12371.0,Australia,Clothing
536684,SP74741,Mat Sports,43,2025-07-23 07:00:31,87.15,12444.0,Germany,Sports
536685,HO53061,Table Home,47,2024-11-24 13:27:11,67.15,12361.0,Australia,Home
536686,HO21941,Mug Home,15,2025-04-04 13:54:17,4.47,12445.0,Australia,Home
536687,EL52720,Speaker Electronics,4,2025-02-05 02:53:00,47.92,12413.0,Italy,Electronics
536687,SP36898,Towel Sports,19,2024-07-12 05:20:42,68.0,12443.0,Germany,Sports
536687,HO12751,Cushion Home,50,2023-12-03 15:07:20,44.96,12366.0,Germany,Home
536688,SP71884,Towel Sports,1,2024-03-17 05:36:04,13.03,12415.0,Canada,Sports
536688,EL16988,Charger Electronics,45,2024-08-10 22:51:32,95.4,12407.0,France,Electronics
536688,SP41734,Bottle Sports,27,2025-07-22 07:52:32,24.82,12404.0,Canada,Sports
536689,BO88327,Biography Books,39,2024-01-22 23:32:45,91.19,12414.0,UK,Books
536690,BO68451,Cookbook Books,22,2025-04-14 07:49:35,97.4,,Canada,Books
536691,BO83011,Novel Books,24,2023-12-01 13:33:04,16.08,12366.0,USA,Books
536691,HO87419,Plate Home,5,2025-06-07 23:08:21,66.47,12351.0,UK,Home
536691,BO85860,Dictionary Books,19,2024-03-13 15:16:49,96.74,12431.0,UK,Books
536691,SP98544,Towel Sports,24,2024-12-06 09:03:02,65.23,12404.0,UK,Sports
536692,EL10032,Tablet Electronics,33,2025-06-24 10:36:11,43.08,12406.0,UK,Electronics
536693,CL63577,T-Shirt Clothing,25,2024-05-23 21:09:48,36.87,12442.0,UK,Clothing
536694,SP37975,Weights Sports,17,2025-03-22 15:57:54,94.84,12364.0,France,Sports
536694,EL48893,Smartphone Electronics,30,2025-02-25 18:14:29,41.68,12370.0,USA,Electronics
536695,CL28206,Shoes Clothing,12,2025-05-22 08:54:14,33.64,12386.0,France,Clothing
536696,EL30181,Speaker Electronics,35,2025-06-22 20:11:32,74.91,12418.0,Spain,Electronics
536696,EL77055,Headphones Electronics,47,2024-07-10 05:40:19,21.22,12396.0,USA,Electronics
536696,BO14412,Dictionary Books,18,2025-06-19 14:48:08,21.6,12434.0,Italy,Books
536697,BO80156,Dictionary Books,48,2025-06-09 03:45:29,10.3,12418.0,UK,Books
536697,BO20811,Biography Books,42,2024-06-01 13:12:14,95.75,,USA,Books
536698,CL45153,Jeans Clothing,18,2024-11-12 00:18:11,26.4,12443.0,Australia,Clothing
536698,BO49763,Cookbook Books,45,2024-06-16 22:14:47,19.43,,Italy,Books
536699,HO59243,Cushion Home,11,2024-03-03 09:22:19,21.97,12393.0,France,Home
536699,BO67005,Magazine Books,48,2024-06-21 06:36:17,98.74,12395.0,Germany,Books
536700,SP53161,Ball Sports,10,2025-08-06 07:23:23,42.75,12393.0,Germany,Sports
536701,CL98332,Jeans Clothing,5,2023-08-22 11:17:48,41.95,12418.0,Germany,Clothing
536702,SP55322,Towel Sports,25,2025-07-06 04:44:00,69.55,12376.0,Australia,Sports
536702,CL50102,Hat Clothing,15,2024-03-09 06:25:37,37.7,12362.0,UK,Clothing
536703,EL29792,Smartphone Electronics,22,2023-10-08 13:46:55,67.93,12424.0,Netherlands,Electronics
536703,BO88325,Biography Books,13,2025-06-14 12:48:25,28.25,12423.0,USA,Books
536703,HO50838,Lamp Home,19,2023-12-18 05:26:15,82.14,12379.0,Netherlands,Home
536703,BO95896,Magazine Books,24,2024-05-13 09:37:53,66.2,12349.0,Germany,Books
536703,EL14330,Laptop Electronics,15,2024-11-22 19:55:44,74.32,12420.0,Australia,Electronics
536703,SP73666,Mat Sports,16,2023-08-16 18:17:05,60.07,12373.0,Spain,Sports
536704,EL32138,Speaker Electronics,27,2023-12-05 02:16:55,21.16,12394.0,Spain,Electronics
536704,BO68206,Magazine Books,26,2024-12-24 01:30:28,47.04,,Netherlands,Books
536705,SP50302,Weights Sports,2,2025-01-17 08:45:18,39.61,12389.0,Italy,Sports
536706,EL98758,Tablet Electronics,10,2024-12-23 23:38:04,54.27,12409.0,Canada,Electronics
536706,BO82647,Dictionary Books,20,2024-03-11 21:11:30,58.47,12381.0,Netherlands,Books
536706,CL76303,Hat Clothing,49,2024-09-23 10:36:53,98.54,,Netherlands,Clothing
536706,EL70502,Laptop Electronics,5,2023-11-02 03:43:06,85.07,12402.0,Germany,Electronics
536706,BO25889,Biography Books,49,2023-09-11 06:16:42,73.92,12411.0,UK,Books
536706,CL75960,Hat Clothing,20,2025-02-13 09:31:25,61.27,,Germany,Clothing
536707,SP58076,Bottle Sports,49,2023-12-27 14:02:55,65.27,12395.0,Spain,Sports
536707,CL10532,Jacket Clothing,1,2025-07-08 09:09:22,0.0,12431.0,Italy,Clothing
536707,BO93443,Cookbook Books,21,2025-04-08 04:34:18,94.04,12359.0,Germany,Books
536708,BO12056,Biography Books,38,2024-03-11 01:33:28,80.83,12404.0,Netherlands,Books
536708,HO26345,Cushion Home,35,2024-09-11 17:04:17,72.01,12436.0,Italy,Home
536708,HO44518,Chair Home,2,2024-01-05 06:05:27,1.36,12425.0,Australia,Home
536708,EL43345,Charger Electronics,32,2025-02-27 04:48:02,86.08,12374.0,Netherlands,Electronics
536709,EL22007,Smartphone Electronics,12,2024-01-13 21:32:11,11.14,12431.0,France,Electronics
536709,CL32197,Shoes Clothing,45,2024-05-15 10:12:57,76.48,12431.0,France,Clothing
536709,CL32099,Hat Clothing,-36,2024-03-25 06:49:49,32.77,12415.0,Canada,Clothing
536709,CL60293,T-Shirt Clothing,41,2024-11-23 08:03:46,98.24,12417.0,USA,Clothing
536710,CL82559,Hat Clothing,44,2024-11-17 09:08:30,0.0,12347.0,Australia,Clothing
536710,CL28863,Dress Clothing,7,2024-03-08 11:37:48,39.45,12436.0,Italy,Clothing
536711,SP97823,Towel Sports,13,2024-07-12 12:07:44,72.97,12420.0,Australia,Sports
536712,BO67853,Biography Books,1,2023-12-20 05:15:40,13.53,12363.0,Spain,Books
536712,CL71958,Hat Clothing,37,2025-05-11 10:38:02,80.54,12429.0,USA,Clothing
536712,BO48274,Dictionary Books,14,2023-08-22 06:18:14,25.99,12401.0,Australia,Books
536712,CL37849,Jeans Clothing,30,2023-11-15 18:20:52,84.78,12377.0,Italy,Clothing
536713,BO75575,Biography Books,31,2025-08-01 04:35:18,56.88,12376.0,Germany,Books
536713,SP46955,Weights Sports,20,2024-07-13 12:13:52,91.68,12384.0,UK,Sports
536713,HO11780,Chair Home,-21,2025-05-22 03:25:46,85.49,,Canada,Home
536713,EL16392,Smartphone Electronics,24,2023-09-20 09:19:08,84.94,12432.0,Canada,Electronics
536713,HO55113,Mug Home,44,2023-11-05 10:18:36,91.49,12375.0,UK,Home
536714,BO47507,Novel Books,16,2024-05-29 06:10:36,89.76,12358.0,Netherlands,Books
536714,EL33712,Smartphone Electronics,4,2025-03-15 15:14:32,8.78,12444.0,Canada,Electronics
536714,BO91529,Cookbook Books,28,2024-10-06 22:20:12,23.68,12352.0,France,Books
536715,BO54183,Cookbook Books,20,2023-11-20 18:03:04,67.0,12352.0,Canada,Books
536716,HO50007,Lamp Home,30,2023-12-19 11:13:16,72.47,12361.0,Australia,Home
536716,CL30229,Jacket Clothing,47,2025-05-25 22:06:53,11.74,12390.0,UK,Clothing
536717,HO61594,Mug Home,39,2025-06-23 07:11:02,77.56,12346.0,Australia,Home
536718,EL52049,Charger Electronics,17,2025-06-16 11:11:13,27.63,12404.0,Germany,Electronics
536719,CL56689,Shoes Clothing,44,2025-07-20 23:26:54,6.56,12377.0,UK,Clothing
536719,CL98279,Hat Clothing,14,2023-12-26 12:20:10,34.92,12433.0,Netherlands,Clothing
536720,BO25534,Dictionary Books,37,2025-03-02 22:36:40,92.79,12401.0,Netherlands,Books
536720,EL79077,Charger Electronics,41,2024-10-27 20:55:04,86.53,12426.0,USA,Electronics
536720,EL59276,Charger Electronics,13,2023-12-12 12:18:52,12.89,12348.0,UK,Electronics
536721,EL68115,Laptop Electronics,12,2025-03-02 02:36:04,50.17,12359.0,Canada,Electronics
536722,CL93473,Shoes Clothing,22,2024-03-25 06:09:56,26.4,12430.0,France,Clothing
536722,BO71557,Magazine Books,38,2024-07-09 22:45:11,18.47,12414.0,USA,Books
536722,HO85906,Mug Home,8,2024-07-23 02:20:01,38.91,12408.0,USA,Home
536723,EL60075,Laptop Electronics,48,2025-02-06 14:37:38,99.66,12418.0,UK,Electronics
536724,HO63372,Chair Home,13,2024-01-10 13:48:32,0.0,12402.0,Canada,Home
536725,EL60447,Smartphone Electronics,16,2024-12-06 19:58:47,64.21,12362.0,Italy,Electronics
536726,SP59664,Ball Sports,-18,2024-09-23 09:52:15,66.15,12399.0,Canada,Sports
536726,EL77748,Laptop Electronics,44,2023-10-02 14:21:31,53.93,12444.0,USA,Electronics
536726,EL39629,Speaker Electronics,13,2023-11-13 14:31:26,87.82,12390.0,Germany,Electronics
536726,EL42997,Charger Electronics,1,2025-02-14 14:51:54,6.59,12423.0,Germany,Electronics
536727,BO43988,Manual Books,29,2024-11-05 06:07:46,18.45,12437.0,USA,Books
536728,CL73027,Hat Clothing,28,2023-11-05 00:55:39,3.22,12420.0,UK,Clothing
536729,CL18324,Shoes Clothing,33,2025-01-20 17:18:25,41.82,12384.0,Spain,Clothing
536729,SP84596,Bottle Sports,49,2024-09-26 13:34:16,63.91,12398.0,Spain,Sports
536730,EL14247,Smartphone Electronics,50,2023-12-05 08:38:01,14.93,,UK,Electronics
536730,HO56112,Cushion Home,21,2025-06-29 18:01:21,67.55,12419.0,Spain,Home
536731,EL45829,Speaker Electronics,3,2024-08-18 20:21:10,8.05,12395.0,Netherlands,Electronics
536732,HO32496,Mug Home,24,2024-03-31 18:19:06,78.14,12433.0,Italy,Home
536732,SP65693,Mat Sports,33,2024-01-22 10:17:57,0.0,12376.0,Canada,Sports
536732,EL16871,Laptop Electronics,34,2023-09-03 19:26:07,97.49,12382.0,Australia,Electronics
536733,EL53528,Smartphone Electronics,1,2025-05-27 18:28:16,68.8,12391.0,USA,Electronics
536734,BO67108,Dictionary Books,37,2025-05-20 05:16:37,94.08,12411.0,Spain,Books
536735,SP21033,Weights Sports,28,2024-04-11 20:09:29,2.22,12421.0,USA,Sports
536736,CL23114,Jacket Clothing,42,2025-07-28 22:11:15,50.59,12426.0,Netherlands,Clothing
536737,SP12225,Bottle Sports,10,2024-09-10 08:34:36,51.67,12402.0,France,Sports
536737,BO37659,Dictionary Books,8,2024-07-13 07:10:35,35.18,12376.0,UK,Books
536738,HO94326,Cushion Home,48,2023-12-28 14:35:18,17.9,12391.0,Canada,Home
536738,EL35417,Headphones Electronics,4,2025-01-09 22:25:21,90.54,12434.0,France,Electronics
536739,CL74120,Jacket Clothing,50,2025-02-06 19:06:03,8.19,12435.0,Spain,Clothing
536739,HO29317,Chair Home,31,2025-07-08 16:20:05,28.89,12436.0,Australia,Home
536739,SP92977,Towel Sports,34,2023-09-10 06:39:07,69.67,12405.0,France,Sports
536740,SP63182,Weights Sports,5,2024-10-20 06:57:40,55.58,12397.0,Canada,Sports
536740,EL10527,Charger Electronics,36,2025-05-19 22:34:58,71.04,12415.0,Spain,Electronics
536741,BO69358,Dictionary Books,15,2023-08-13 05:26:34,50.7,12437.0,Australia,Books
536741,CL77420,T-Shirt Clothing,43,2023-10-26 18:49:07,36.29,12442.0,Germany,Clothing
536742,EL40632,Headphones Electronics,48,2023-12-28 15:11:25,42.77,12368.0,Germany,Electronics
536743,HO15848,Table Home,6,2024-12-10 04:32:43,35.38,12405.0,Australia,Home
536743,EL29049,Charger Electronics,28,2025-05-04 05:53:03,31.1,12433.0,Canada,Electronics
536744,CL53079,Dress Clothing,46,2025-02-06 18:29:02,25.76,12385.0,USA,Clothing
536744,SP93541,Racket Sports,20,2025-01-19 14:05:01,1.79,12373.0,Germany,Sports
536744,SP51220,Bottle Sports,47,2024-02-01 05:00:00,19.8,12388.0,Italy,Sports
536745,EL34012,Smartphone Electronics,28,2025-06-08 11:28:47,42.26,12415.0,France,Electronics
536746,HO91473,Cushion Home,50,2024-12-30 02:32:16,7.14,12371.0,USA,Home
536746,EL41026,Smartphone Electronics,12,2024-03-25 07:09:45,98.7,12432.0,USA,Electronics
536746,BO58690,Dictionary Books,10,2024-08-25 11:35:19,9.61,12365.0,Spain,Books
536746,EL81252,Charger Electronics,12,2025-03-16 22:18:45,55.86,12352.0,UK,Electronics
536746,CL57660,T-Shirt Clothing,5,2023-11-12 02:19:51,37.45,12358.0,Germany,Clothing
536746,HO85832,Table Home,24,2023-08-30 08:03:11,18.63,12348.0,Australia,Home
536746,HO82640,Table Home,31,2025-03-15 15:37:58,77.18,12363.0,Canada,Home
536746,EL82841,Laptop Electronics,28,2024-11-25 03:04:30,24.05,12397.0,USA,Electronics
536747,CL15993,Jacket Clothing,39,2024-10-05 09:14:55,12.85,12387.0,USA,Clothing
536747,HO41297,Chair Home,22,2024-09-21 04:32:30,76.23,12376.0,France,Home
536747,CL91340,T-Shirt Clothing,49,2024-11-04 00:49:50,6.3,12390.0,Spain,Clothing
536747,HO13091,Chair Home,36,2023-09-23 19:36:03,39.55,,Netherlands,Home
536748,EL45716,Charger Electronics,38,2024-07-15 19:55:27,85.38,12428.0,Germany,Electronics
536748,CL34720,Dress Clothing,20,2024-10-11 13:04:46,31.76,12428.0,Australia,Clothing
536749,CL98111,Shoes Clothing,8,2024-11-06 12:54:07,0.0,12412.0,Canada,Clothing
536749,SP16167,Racket Sports,2,2023-09-01 22:33:26,35.56,12414.0,Germany,Sports
536749,SP80440,Weights Sports,3,2024-07-13 14:17:07,70.44,12425.0,USA,Sports
536749,HO48466,Chair Home,47,2023-12-18 19:52:43,26.29,12428.0,Canada,Home
536749,CL27416,T-Shirt Clothing,-46,2024-08-19 00:49:03,67.52,12405.0,Netherlands,Clothing
536750,CL33232,Jacket Clothing,17,2024-09-01 16:24:04,6.57,12357.0,France,Clothing
536750,CL89751,Dress Clothing,1,2024-09-20 02:20:38,72.24,12381.0,Italy,Clothing
536750,BO66941,Magazine Books,27,2024-01-21 08:56:08,62.84,12384.0,Italy,Books
536750,EL46983,Smartphone Electronics,3,2023-12-04 11:16:02,44.16,12411.0,Netherlands,Electronics
536751,CL20284,T-Shirt Clothing,25,2024-03-08 21:44:30,17.02,12391.0,Canada,Clothing
536752,BO49362,Manual Books,46,2024-06-08 21:28:09,87.21,12361.0,Canada,Books
536752,EL28976,Tablet Electronics,47,2024-10-15 08:26:09,68.51,12434.0,UK,Electronics
536753,BO51066,Biography Books,33,2024-12-22 04:12:10,31.22,12397.0,USA,Books
536753,BO93481,Cookbook Books,45,2023-10-15 02:42:02,9.52,12373.0,France,Books
536753,CL89982,Shoes Clothing,2,2025-07-28 08:15:37,94.98,12398.0,Australia,Clothing
536753,CL71556,Dress Clothing,33,2025-01-22 19:05:56,75.24,12411.0,Germany,Clothing
536753,SP76193,Ball Sports,15,2025-05-20 09:30:20,76.27,12430.0,Canada,Sports
536753,BO66754,Novel Books,46,2024-06-21 14:47:03,31.62,12362.0,UK,Books
536753,SP12906,Racket Sports,25,2025-01-04 01:42:04,39.82,12445.0,USA,Sports
536753,EL32983,Headphones Electronics,19,2024-05-13 05:11:59,47.93,12362.0,UK,Electronics
536754,SP77162,Ball Sports,6,2024-08-20 14:37:40,41.48,12347.0,Netherlands,Sports
536755,CL87738,Hat Clothing,36,2024-10-29 06:04:44,53.35,12389.0,Netherlands,Clothing
536755,EL41976,Headphones Electronics,12,2024-12-04 15:11:07,10.43,12434.0,UK,Electronics
536755,EL90070,Smartphone Electronics,49,2024-05-03 16:33:24,15.67,12347.0,USA,Electronics
536755,SP90328,Racket Sports,9,2024-09-15 17:55:33,57.6,12367.0,USA,Sports
536755,BO71244,Dictionary Books,23,2023-11-03 16:40:26,33.89,12442.0,Australia,Books
536756,BO44021,Biography Books,14,2024-01-04 02:56:04,73.12,12420.0,France,Books
536756,HO79555,Plate Home,47,2024-02-03 06:41:38,41.05,12401.0,Italy,Home
536756,SP15859,Towel Sports,40,2024-10-03 00:36:06,55.35,12360.0,USA,Sports
536756,HO40736,Chair Home,29,2024-07-03 09:37:38,30.56,12432.0,UK,Home
536757,BO27778,Novel Books,14,2024-01-06 06:27:11,29.38,12346.0,Italy,Books
536757,EL25790,Tablet Electronics,37,2024-08-14 22:05:11,48.45,12412.0,Spain,Electronics
536758,HO69020,Chair Home,25,2024-03-02 18:51:40,27.44,12439.0,Spain,Home
536758,BO54937,Cookbook Books,12,2025-06-30 20:12:04,19.71,12363.0,UK,Books
536759,CL17892,T-Shirt Clothing,50,2025-05-07 10:50:08,18.72,12357.0,USA,Clothing
536759,CL34381,Jacket Clothing,18,2024-05-12 09:22:22,75.28,12414.0,Italy,Clothing
536759,HO77469,Lamp Home,-40,2024-02-09 11:39:48,25.06,12392.0,UK,Home
536759,HO55959,Cushion Home,41,2024-10-21 16:15:33,38.79,12443.0,Germany,Home
536760,CL37942,Jeans Clothing,36,2024-05-26 20:53:13,46.02,12396.0,Netherlands,Clothing
536760,SP49411,Mat Sports,29,2023-12-08 21:55:57,73.82,12362.0,France,Sports
536761,EL72584,Headphones Electronics,26,2023-09-25 03:37:45,50.63,12415.0,Spain,Electronics
536761,SP50042,Towel Sports,33,2024-06-01 20:27:02,46.09,12390.0,Italy,Sports
536762,CL89451,Hat Clothing,9,2025-01-12 06:58:05,47.94,12430.0,USA,Clothing
536762,HO44505,Lamp Home,13,2024-05-08 21:35:46,8.76,12361.0,Italy,Home
536762,HO99147,Lamp Home,34,2024-11-24 21:09:27,22.53,12389.0,Netherlands,Home
536763,EL20430,Tablet Electronics,34,2025-06-22 00:17:34,69.9,12394.0,USA,Electronics
536764,EL94211,Smartphone Electronics,10,2024-02-20 12:41:44,99.19,12372.0,France,Electronics
536764,BO14738,Biography Books,17,2024-11-13 06:10:12,91.77,12421.0,UK,Books
536764,CL52029,Jacket Clothing,25,2023-10-26 12:34:54,80.87,12360.0,Germany,Clothing
536764,BO83275,Manual Books,38,2024-02-15 11:47:40,26.79,12381.0,Germany,Books
536765,CL34448,Jacket Clothing,11,2024-04-27 01:10:53,28.92,,Germany,Clothing
536765,HO43134,Mug Home,11,2024-05-15 05:47:02,66.14,12375.0,Italy,Home
536766,CL45174,Shoes Clothing,28,2023-10-27 11:16:54,64.69,12350.0,Germany,Clothing
536767,EL46070,Laptop Electronics,7,2024-11-07 12:46:38,87.72,12431.0,Australia,Electronics
536768,CL20604,Dress Clothing,35,2024-03-26 12:56:52,87.11,12435.0,USA,Clothing
536768,SP94804,Racket Sports,46,2025-06-30 01:41:52,57.85,12385.0,USA,Sports
536768,SP79689,Bottle Sports,4,2024-08-23 04:26:43,7.57,12398.0,Canada,Sports
536768,BO10956,Dictionary Books,14,2024-02-11 04:59:16,60.06,12354.0,Germany,Books
536768,CL37297,T-Shirt Clothing,27,2024-04-22 20:52:59,60.77,12438.0,Canada,Clothing
536768,HO56628,Table Home,32,2024-07-12 17:59:43,92.35,12440.0,Canada,Home
536769,EL72608,Charger Electronics,45,2024-01-03 01:09:43,79.11,12398.0,France,Electronics
536770,SP70716,Racket Sports,13,2024-09-25 17:43:27,81.83,12426.0,Netherlands,Sports
536770,SP64097,Racket Sports,29,2025-02-27 22:25:26,89.47,,Netherlands,Sports
536770,EL98002,Laptop Electronics,39,2024-09-04 15:15:09,54.16,12413.0,Australia,Electronics
536770,CL58603,Shoes Clothing,44,2024-09-30 03:45:09,79.96,12350.0,UK,Clothing
536770,EL10187,Charger Electronics,38,2023-10-18 18:01:32,91.04,12358.0,Netherlands,Electronics
536771,EL84450,Smartphone Electronics,27,2023-08-25 04:40:32,88.29,12400.0,Netherlands,Electronics
536771,SP68737,Mat Sports,42,2025-05-08 06:58:43,14.45,12441.0,Spain,Sports
536771,CL33055,T-Shirt Clothing,41,2025-06-22 02:45:30,87.43,12346.0,USA,Clothing
536771,EL51298,Headphones Electronics,28,2024-05-05 16:40:46,96.68,12427.0,USA,Electronics
536772,EL38951,Headphones Electronics,4,2024-01-14 07:02:47,16.26,12418.0,Australia,Electronics
536773,CL99834,Dress Clothing,-2,2024-07-15 02:36:35,30.11,12416.0,Germany,Clothing
536774,HO17114,Lamp Home,7,2024-10-24 16:10:00,6.91,12358.0,Germany,Home
536775,CL72282,Dress Clothing,22,2024-04-23 11:00:14,4.09,12394.0,USA,Clothing
536775,EL44245,Headphones Electronics,39,2025-04-25 23:39:30,42.6,12354.0,Netherlands,Electronics
536776,CL13994,Shoes Clothing,-48,2025-02-11 21:32:48,99.03,12442.0,Italy,Clothing
536776,EL13189,Charger Electronics,19,2023-08-13 05:58:06,37.67,12397.0,France,Electronics
536776,CL46607,Dress Clothing,38,2024-05-24 02:44:57,8.84,12404.0,USA,Clothing
536776,HO32121,Plate Home,1,2024-01-06 09:13:20,14.01,12374.0,Canada,Home
536776,BO65344,Cookbook Books,7,2024-04-14 14:26:16,28.62,12407.0,Spain,Books
536777,BO44080,Novel Books,20,2024-12-24 19:19:49,11.14,12368.0,Italy,Books
536777,EL27161,Headphones Electronics,34,2024-12-13 15:52:28,14.27,12381.0,Spain,Electronics
536778,BO12584,Novel Books,44,2023-09-17 00:30:09,63.59,12372.0,Australia,Books
536778,EL53093,Laptop Electronics,17,2024-01-20 16:48:13,15.0,12360.0,Canada,Electronics
536779,EL38843,Speaker Electronics,47,2024-01-16 23:14:31,35.49,12417.0,France,Electronics
536779,HO66830,Lamp Home,9,2024-01-16 18:42:12,85.45,12434.0,Canada,Home
536780,BO27687,Biography Books,9,2024-08-22 18:30:41,18.56,12374.0,Italy,Books
536780,HO49149,Chair Home,21,2023-08-18 22:16:48,21.67,12431.0,Netherlands,Home
536781,CL16732,Jeans Clothing,23,2024-10-27 14:05:12,9.54,12432.0,France,Clothing
536781,SP91129,Towel Sports,14,2024-09-03 07:44:02,48.69,12402.0,Australia,Sports
536782,BO62080,Magazine Books,33,2025-03-01 17:42:19,46.11,12443.0,France,Books
536782,HO37368,Mug Home,35,2024-08-24 19:25:46,7.05,12359.0,Netherlands,Home
536783,CL44123,Dress Clothing,21,2023-09-04 14:48:28,27.7,12408.0,Italy,Clothing
536783,SP83987,Racket Sports,22,2024-12-10 14:34:08,27.24,12431.0,USA,Sports
536784,HO94671,Plate Home,10,2025-04-22 11:07:50,69.15,12401.0,Italy,Home
536785,SP18695,Weights Sports,26,2024-06-30 06:42:04,17.53,12392.0,Australia,Sports
536786,BO25537,Cookbook Books,19,2023-10-10 18:25:31,0.0,12375.0,UK,Books
536786,SP75068,Weights Sports,32,2024-05-08 09:41:05,19.76,12363.0,Italy,Sports
536787,EL11318,Smartphone Electronics,8,2024-01-10 20:16:25,22.19,12410.0,Italy,Electronics
536787,EL72724,Charger Electronics,39,2024-10-16 05:40:32,23.78,12422.0,Australia,Electronics
536788,BO75690,Biography Books,44,2025-03-31 14:23:20,14.8,12392.0,Australia,Books
536788,EL88224,Headphones Electronics,9,2023-09-13 15:58:51,60.95,12412.0,Netherlands,Electronics
536789,SP70930,Racket Sports,17,2025-05-17 22:00:00,38.19,12415.0,UK,Sports
536789,BO96228,Novel Books,38,2024-04-12 18:57:52,52.5,12426.0,Netherlands,Books
536790,SP35372,Bottle Sports,42,2023-08-24 08:23:20,95.24,12422.0,Italy,Sports
536791,SP83107,Bottle Sports,6,2024-10-10 20:14:17,25.11,12358.0,Australia,Sports
536792,SP64407,Weights Sports,7,2025-01-07 07:58:51,35.87,12393.0,Netherlands,Sports
536793,BO57294,Novel Books,36,2024-12-03 10:26:21,6.9,12347.0,USA,Books
536793,SP24678,Racket Sports,13,2023-09-05 18:43:50,41.42,12351.0,Australia,Sports
536793,CL57466,T-Shirt Clothing,43,2025-03-29 11:02:08,86.23,12352.0,Germany,Clothing
536794,HO96811,Plate Home,2,2024-02-24 15:29:40,34.35,12389.0,Netherlands,Home
536794,SP64296,Racket Sports,42,2024-01-01 17:51:23,18.36,12422.0,Netherlands,Sports
536795,SP53650,Towel Sports,27,2025-03-21 07:16:28,60.14,12347.0,Australia,Sports
536795,CL99570,Dress Clothing,5,2025-04-27 08:26:29,66.53,12384.0,Australia,Clothing
536795,HO92802,Plate Home,-32,2024-10-26 00:48:24,58.77,12417.0,USA,Home
536796,BO32979,Novel Books,44,2023-09-04 18:15:17,0.0,12395.0,France,Books
536796,SP24585,Towel Sports,3,2023-08-29 16:45:49,61.52,12441.0,Germany,Sports
536796,CL67499,Shoes Clothing,45,2025-02-04 15:47:45,20.9,12373.0,Spain,Clothing
536797,BO89768,Dictionary Books,3,2025-01-02 08:20:57,46.93,12430.0,Spain,Books
536797,EL55283,Tablet Electronics,49,2023-11-12 16:30:06,56.77,12404.0,Italy,Electronics
536797,SP71177,Bottle Sports,39,2024-03-30 21:21:32,71.24,12416.0,Netherlands,Sports
536797,EL81623,Laptop Electronics,1,2024-01-10 09:11:02,42.22,12418.0,Netherlands,Electronics
536798,SP85575,Ball Sports,30,2025-03-21 16:04:49,59.96,12353.0,USA,Sports
536799,BO30410,Biography Books,3,2023-08-28 09:09:10,12.07,12421.0,USA,Books
536799,BO70816,Novel Books,44,2024-05-08 02:00:13,51.46,12347.0,USA,Books
536799,CL43749,Jacket Clothing,50,2025-03-20 07:36:07,5.91,12435.0,Germany,Clothing
536800,CL90732,Jeans Clothing,10,2024-04-10 10:46:32,33.15,12358.0,UK,Clothing
536801,EL19645,Speaker Electronics,9,2024-11-06 21:32:28,88.52,12416.0,Spain,Electronics
536802,HO66739,Mug Home,28,2025-06-09 07:22:28,58.46,12365.0,Netherlands,Home
536802,BO45341,Dictionary Books,29,2023-12-21 21:58:34,6.1,,Netherlands,Books
